ObsId,RA,DEC,THETA,POS_ERR,SIGNIFICANCE,gaia_match,archival_match,chandra_match,erosita_match,ned_match,simbad_match,vizier_match,xray-binaries_match
8218,257.4887742745794,-22.20374881804638,3.4741489686948,0.1617442024129219,21.501516342163086,yes,no,no,no,no,unknown,yes,no
626,196.57426423570703,-48.4626240441343,0.7165041019008771,0.009232700857697018,874.7380981445312,yes,no,no,no,no,unknown,yes,no
635,246.91221778940647,-24.672350038225943,7.551974146940368,0.15832031317536296,85.25835418701172,no,yes,no,no,no,unknown,yes,no
637,246.66861815713546,-24.45401915402044,4.144764902310921,0.10542355726308542,52.327518463134766,no,no,yes,no,no,unknown,yes,no
971,172.9801891795751,-34.60753761160352,0.2804118161707272,0.00748182549571365,1571.196533203125,yes,yes,no,no,no,unknown,no,no
4470,223.62214679220415,16.100962458227603,0.5011161653626792,0.012636548499603856,934.169921875,yes,no,no,no,yes,unknown,yes,no
4471,222.56611322815306,23.911869954387342,1.04137014610764,0.00728089780211102,1754.32568359375,yes,no,yes,no,yes,unknown,no,no
4514,151.71941523935112,-40.42661162224251,1.277639148915227,0.11769214077396208,14.449097633361816,no,no,no,no,no,unknown,yes,no
4418,132.72566814533909,18.52129341059005,4.4305628142055,0.22903326626492068,16.58043098449707,yes,no,no,no,yes,unknown,yes,no
7439,296.1168204003397,50.58232209391655,4.635041326474016,0.26624732613107654,12.856217384338379,no,no,no,no,no,unknown,no,no
7446,245.91750399798724,-26.490603768894346,3.631624339253428,0.13670139304183332,24.02637481689453,yes,no,yes,no,no,unknown,yes,no
9841,175.00502802912297,-31.917418672849003,4.744574717512451,0.363050812299814,10.53874397277832,no,no,no,no,no,unknown,no,no
9923,193.92558423665074,38.355548401329195,4.479080668592424,0.33788743194529786,5.775545597076416,no,no,no,no,no,unknown,no,no
11012,237.36079088979608,-26.118918896820464,6.816419110818998,0.3295021826366493,17.799226760864258,yes,no,no,no,no,unknown,yes,no
13624,238.4909830531295,-24.033249655714872,3.478146707263873,0.12921121992756537,37.35612106323242,yes,no,no,no,no,unknown,yes,no
4418,132.72566814533909,18.52129341059005,4.43056281448787,0.22903326626492068,16.58043098449707,yes,no,no,no,yes,unknown,yes,no
8218,257.4887742745794,-22.20374881804638,3.4741489687707623,0.1617442024129219,21.501516342163086,yes,no,no,no,no,unknown,yes,no
626,196.57426423570703,-48.4626240441343,0.716504101994433,0.009232700857697018,874.7380981445312,yes,no,no,no,no,unknown,yes,no
635,246.91221778940647,-24.672350038225943,7.5519741468840165,0.15832031317536296,85.25835418701172,no,yes,no,no,no,unknown,yes,no
637,246.66861815713546,-24.45401915402044,4.144764902535554,0.10542355726308542,52.327518463134766,no,no,yes,no,no,unknown,yes,no
971,172.9801891795751,-34.60753761160352,0.2804118115282483,0.00748182549571365,1571.196533203125,yes,yes,no,no,no,unknown,no,no
4470,223.62214679220415,16.100962458227603,0.5011161706647136,0.012636548499603856,934.169921875,yes,no,no,no,yes,unknown,yes,no
4471,222.56611322815306,23.911869954387342,1.0413701462436151,0.00728089780211102,1754.32568359375,yes,no,yes,no,yes,unknown,no,no
4514,151.71941523935112,-40.42661162224251,1.277639149082052,0.11769214077396208,14.449097633361816,no,no,no,no,no,unknown,yes,no
7439,296.1168204003397,50.58232209391655,4.635041326229995,0.26624732613107654,12.856217384338379,no,no,no,no,no,unknown,no,no
7446,245.91750399798724,-26.490603768894346,3.6316243393663292,0.13670139304183332,24.02637481689453,yes,no,yes,no,no,unknown,yes,no
9841,175.00502802912297,-31.917418672849003,4.7445747173023385,0.363050812299814,10.53874397277832,no,no,no,no,no,unknown,no,no
9923,193.92558423665074,38.355548401329195,4.479080668884337,0.33788743194529786,5.775545597076416,no,no,no,no,no,unknown,no,no
11012,237.36079088979608,-26.118918896820464,6.816419110361626,0.3295021826366493,17.799226760864258,yes,no,no,no,no,unknown,yes,no
13624,238.4909830531295,-24.033249655714872,3.478146707718024,0.12921121992756537,37.35612106323242,yes,no,no,no,no,unknown,yes,no
14540,249.28983927244414,-10.567128882204988,2.6433139941958346,0.008038724793265783,2648.633056640625,yes,no,no,no,no,unknown,no,no
15724,229.85673250941193,-7.7224870537307,0.45687724088524123,0.040993490781968754,96.25965118408203,yes,no,no,no,no,unknown,no,no
16650,135.3878700225477,32.4498912048408,11.276849702981647,1.3929861014662144,6.664372444152832,no,no,no,no,no,unknown,no,no
16666,286.76048522821645,40.23600205612989,3.9744890548347036,0.2773991100886139,7.444831371307373,yes,no,no,no,no,unknown,yes,no
17249,246.76253311625658,-24.437674110559165,6.305759082638205,0.33613586103427,20.248821258544922,no,yes,yes,no,no,unknown,yes,no
17256,129.8822886798171,19.404795627959142,8.262449437091515,0.4994769054922673,18.86272430419922,yes,yes,yes,no,yes,unknown,yes,no
17257,129.88205774368626,19.404774396371085,8.182742003866249,0.6497287803144244,17.89806365966797,yes,yes,yes,no,yes,unknown,yes,no
22333,143.18146831159132,26.987262673260123,1.8859704562578523,0.02049792347000547,791.6868286132812,yes,no,yes,no,no,unknown,no,no
23324,127.76910792415646,9.705324547521139,9.264364284066088,0.5699955444403364,22.22951316833496,no,no,no,no,no,unknown,yes,no
23413,188.95896109224438,-35.041900151547196,10.060726984338315,0.8455160095092619,18.405792236328125,yes,no,no,no,no,unknown,yes,no
23864,143.18132713167023,26.986838405282917,1.9775269924586694,0.02547895103574839,634.9306030273438,yes,no,no,no,no,unknown,no,no
946,245.8454753717657,-26.371353465101794,10.776139279974892,0.1061215165508402,459.5443115234375,yes,no,yes,no,no,unknown,yes,no
1007,244.3110845234759,-22.922611218644175,5.1319016236715465,0.019141830116201873,1448.726806640625,yes,yes,no,no,no,unknown,yes,no
3778,259.26351342813985,43.1531496560195,1.6513475619254132,0.13160021874753483,16.272258758544922,yes,no,no,no,no,unknown,no,no
7458,246.7784467543063,-25.96465286497774,4.947849943014731,0.22926668323098434,14.898222923278809,yes,no,no,no,no,unknown,yes,no
16687,122.93845690066388,2.2960569775199815,8.433548635634637,0.46143997538246817,26.55879020690918,yes,no,no,no,yes,unknown,yes,no
3785,122.05641339264422,21.102405858274086,10.344128136697847,0.09070977336972202,525.8065795898438,no,no,yes,no,no,unknown,yes,no
10026,148.95885399411003,69.67956787978456,3.5935792192157683,0.010529160828227486,1246.98876953125,no,no,no,no,no,unknown,no,yes
10027,148.95894733234255,69.67963469642848,3.616103597308481,0.007254479967182652,1708.7113037109375,no,no,yes,no,no,unknown,no,yes
11033,210.83166337077904,-41.38300268072082,0.11748890544308335,0.013515380042043775,966.5784912109375,no,yes,yes,no,no,unknown,no,yes
13018,210.83178767290653,-41.38293944358502,0.1301929687560422,0.009782012041815166,1312.7232666015625,no,yes,yes,no,no,unknown,unknown,yes
13686,56.481439546561575,68.08205717931851,3.434281973366024,0.025300810827972548,755.7002563476562,yes,yes,yes,no,no,unknown,no,yes
13728,149.4722278588547,69.06334698263949,1.8930299765134575,0.009218581749618353,2030.4429931640625,no,yes,yes,no,yes,unknown,no,no
13734,256.3571959288844,-22.739098229017987,4.022910510955894,0.1673810124934873,15.03555679321289,yes,no,no,no,no,unknown,yes,no
14471,149.47201109056346,69.06341158275913,1.830089908526862,0.007102453452887891,3206.802490234375,no,yes,yes,no,yes,unknown,unknown,no
15771,124.87026755591816,70.70529493902373,0.4447139020448515,0.009763163128219557,1869.312255859375,yes,yes,no,no,no,unknown,no,no
17678,148.95909380928708,69.6795905279856,3.1336758570160326,0.010642321999941771,1506.150634765625,no,no,yes,no,no,unknown,no,yes
17867,126.77565888554918,-7.145940095231951,3.879825328218263,0.015280425609552777,1650.66357421875,yes,no,no,no,no,unknown,no,no
20207,275.09146196900366,7.185298010674826,0.1911111935838595,0.007848551977857094,2960.34765625,yes,no,yes,no,no,unknown,no,no
23476,202.47238294875854,47.17855233748865,3.905650798890517,0.18690488062749613,12.791011810302734,unknown,yes,yes,no,yes,unknown,no,yes
23477,202.41450468643563,47.212135348254556,0.4447507595584114,0.07881190946261958,32.14417266845703,no,yes,yes,no,yes,unknown,no,yes
23479,202.51791471073585,47.22236626257858,4.884930352027798,0.25297365475496986,10.969073295593262,no,yes,yes,no,yes,unknown,no,yes
23487,187.6621103839347,41.63609428017402,2.908848351412187,0.1411863610382417,17.575897216796875,no,yes,yes,unknown,unknown,unknown,no,yes
23491,187.64635149991366,41.64650404887515,1.285993381928297,0.15213553774637764,19.34119415283203,no,yes,yes,no,no,unknown,no,yes
731,197.20088544078544,21.451857395738667,7.1684171484513985,0.056514783207481774,677.3624877929688,no,no,yes,no,yes,unknown,no,no
2790,197.04894768056948,21.4960244296151,8.570515025806014,0.7531013471633627,8.156713485717773,yes,yes,no,no,yes,unknown,yes,no
2791,241.26049476689923,33.095798399716514,16.88791820094463,0.2909389967454612,223.34437561035156,yes,no,no,no,no,unknown,no,no
2795,121.59566301695939,15.45860058323044,0.6003223062210975,0.015710385527597025,534.0188598632812,no,yes,no,unknown,unknown,unknown,yes,no
3838,225.7742933839459,-41.68596219208425,17.612237901209994,0.5393129706818298,26.235595703125,no,no,no,no,no,unknown,no,no
4630,114.14232327368194,65.64856657729105,4.885749660015701,0.10367873711362663,99.60533905029297,yes,yes,yes,no,no,unknown,no,yes
4631,308.3430521886488,60.23167057971234,15.264111783213643,0.3672964849336924,121.5759048461914,yes,yes,yes,no,no,unknown,no,no
6661,146.822488211099,31.855842988397296,10.992642880352422,0.0,59.0424919128418,no,no,no,no,no,unknown,no,no
7607,171.8860950147797,56.884886154124246,0.21878030434903306,0.14839764063561975,6.414050102233887,no,no,yes,no,no,unknown,no,no
23474,202.44240469724807,47.17799651472586,3.997785733813698,0.25847565455945704,3.6154730319976807,no,yes,no,no,yes,unknown,no,no
4394,225.7757529937807,-41.99164942664509,2.031734846418419,0.046937764466887154,72.89652252197266,yes,no,yes,no,no,unknown,no,no
4404,308.7531545577145,60.19180682275245,3.0107531868834276,0.0185839306287489,878.1814575195312,no,unknown,yes,no,yes,unknown,unknown,yes
10127,120.51750251276542,0.9864591387864796,10.686481576494456,0.38575493693527996,34.32182312011719,yes,yes,no,no,no,unknown,yes,no
10708,128.2144396915091,33.00303420752671,6.830603673175739,0.08994786487359473,392.2303771972656,yes,no,yes,no,no,unknown,no,no
12301,149.47156880621753,69.06333193144081,13.583332282258839,0.0440264127776346,1432.8125,no,yes,no,no,no,unknown,no,no
19029,212.0961184511475,52.29865617221532,7.284929939876144,0.49325791192836954,14.330483436584473,yes,no,no,no,no,unknown,yes,no
20998,202.44768984988445,47.161215892503535,2.946702952616894,0.14645426843337989,19.51130485534668,yes,no,yes,no,no,unknown,no,yes
23171,218.49648941548702,40.110219829459766,7.929137924065303,0.11129475908693057,306.11669921875,no,yes,no,no,no,unknown,no,no
28964,244.71666778935645,-1.9917586366433389,6.123377972479414,0.4046336859742479,6.603705406188965,no,no,no,no,no,unknown,no,no
27863,210.98237499860284,54.349463083590685,3.3348477800530283,0.16712409023974745,24.464717864990234,yes,yes,yes,no,yes,unknown,no,yes
316,201.3652781852084,-43.019348140609374,4.568891661462428,0.029028810309497506,726.08056640625,no,yes,no,no,no,unknown,no,no
324,190.74970931068003,2.659259579537538,2.93857230077007,0.13775648408437155,13.196573257446289,no,yes,yes,no,no,unknown,no,no
782,67.70059885077166,64.84735442933886,1.253592638059621,0.01690042556879843,239.7066650390625,yes,yes,yes,no,yes,unknown,no,yes
803,186.38160579588651,13.066448199381336,13.286152246690815,0.23417622284761772,129.07974243164062,no,no,no,no,no,unknown,no,no
1587,161.9499117391725,12.579308656998986,1.5951146390291069,0.09941809316205574,20.0872802734375,yes,no,no,no,no,unknown,yes,yes
2021,204.1624442820849,-33.965900728053846,10.155445074516459,0.18066188217803505,169.9014892578125,no,yes,yes,no,no,unknown,yes,yes
2025,167.86795032693072,55.67249662356522,2.407896549981085,0.2459696791317826,20.06584358215332,no,no,no,no,no,unknown,no,yes
2028,202.4109882362458,58.41817855568377,0.5694503601747621,0.011786643211988974,1345.8427734375,yes,yes,yes,no,yes,unknown,no,yes
2917,56.48175044941249,68.08209484751227,0.5683962152902942,0.01470643016669303,778.1402587890625,yes,yes,yes,no,yes,unknown,no,yes
2941,195.34158686896703,27.838036861150105,3.269232666037756,0.14638427532381013,15.170992851257324,yes,no,no,no,no,unknown,yes,no
4688,187.4415236255311,13.436048625469098,0.9110050532189478,0.21652072007590456,11.737154960632324,yes,no,no,no,no,unknown,yes,yes
4725,187.70175725845968,41.6011865411795,3.3678575041360648,0.15798589148910044,21.016752243041992,yes,no,no,no,yes,unknown,yes,no
4732,210.9000672269895,54.32358245314344,6.2450697613571124,0.1760552082974283,48.937767028808594,no,yes,yes,no,no,unknown,no,yes
5322,210.89992519383884,54.32349787019403,6.148064121294465,0.1967606776964503,40.61530303955078,no,yes,yes,no,no,unknown,no,yes
6114,210.80951097385773,54.301708508957844,1.2961092974083186,0.11073736348615046,17.075286865234375,no,yes,yes,no,no,unknown,no,yes
6170,210.9001250295599,54.323593543753525,3.0289735265107174,0.08684725709043109,42.5356559753418,no,yes,yes,no,no,unknown,no,yes
5944,148.92587555324997,69.0601164377255,0.9327026449637774,0.03855187784931914,104.80436706542969,no,yes,yes,no,no,unknown,no,yes
5945,148.85124413023323,69.16596931150437,6.604921745254308,0.1626203260623155,117.41912841796875,no,yes,yes,no,no,unknown,no,yes
5948,148.85119719992906,69.16595505426251,6.627020687318066,0.17602012062462702,111.99510955810547,no,yes,yes,no,no,unknown,no,yes
6097,148.95875340518464,69.67965431484784,3.699586462709031,0.005523742397806266,1982.944580078125,no,no,yes,no,no,unknown,no,no
7081,185.1231250539735,29.148762905342394,10.136700459944564,0.60626599715284,5.235555171966553,no,no,no,no,no,unknown,no,no
8176,138.25457678855327,52.99133097488879,0.3620811996745248,0.017024602914350227,864.4981079101562,yes,yes,no,no,no,unknown,yes,no
9540,148.8885159353138,69.06534929905835,10.316355421115135,0.0435185153332836,1165.875244140625,yes,yes,yes,no,no,unknown,no,yes
9546,211.2511887170916,53.65703928868163,0.3501744654639377,0.09968260300131332,16.005390167236328,no,unknown,no,no,no,unknown,no,yes
9548,170.07289345320842,12.971867701445301,1.27640297064111,0.04306636271082168,47.118431091308594,no,no,no,no,no,unknown,no,yes
9776,260.0914996631903,57.97406836808147,3.7722407129743316,0.02608756829757225,897.6610717773438,yes,yes,yes,no,yes,unknown,no,yes
10535,183.78847120351483,33.165401391183586,2.997077665224467,0.01253199412307986,1350.334228515625,yes,yes,no,no,no,unknown,yes,no
10542,149.2504615465696,69.57207389472374,9.856049920909843,0.161608296333219,118.72057342529297,yes,yes,yes,no,yes,unknown,yes,no
10544,148.95859917361088,69.67957624396895,2.4986329572841837,0.011644243751103704,735.6673583984375,no,no,no,no,no,unknown,no,yes
10545,148.95862943977176,69.67960165553323,2.6087509299952463,0.008317236638235062,944.1443481445312,no,no,no,unknown,unknown,unknown,no,no
11800,148.8702149252895,69.72870437282947,6.050875894178839,0.534614759098592,6.961577415466309,no,yes,yes,no,no,unknown,no,no
11361,215.1851901920912,39.72183017852083,1.6959558293795642,0.07430556598118242,42.323570251464844,yes,no,no,no,no,unknown,yes,no
12951,225.31365495376204,1.7972809367036464,3.6742025689658773,0.19408277215911288,15.205021858215332,yes,no,yes,unknown,yes,unknown,yes,no
12953,225.33860755823864,1.771271795194941,3.4988126390994703,0.12444923998700878,22.891281127929688,yes,yes,yes,no,yes,unknown,yes,no
12993,204.27136488196442,-29.868723745687852,1.428446783601929,0.008941241062519784,1090.4224853515625,yes,yes,no,no,no,unknown,no,unknown
12994,204.2714413922525,-29.86861772259982,1.499068272783803,0.005418990158299989,1757.000244140625,yes,yes,yes,no,no,unknown,no,yes
13202,204.19093591759778,-29.83057297547402,3.821301093175532,0.22957107401574728,10.025822639465332,no,no,no,no,no,unknown,yes,yes
13815,202.24637847281664,47.251509556276574,11.482875205983616,0.9412230671383681,7.751191139221191,no,no,no,no,no,unknown,no,no
13816,202.518752122786,47.16375700714116,1.09219608747911,0.07562706083591916,24.229942321777344,yes,no,yes,no,yes,unknown,no,yes
16031,186.44489870797577,12.662211520620458,8.654795562520249,0.061033051071507916,596.0624389648438,no,yes,yes,no,no,unknown,no,yes
16354,198.36461076684535,36.59408684328494,2.3758802301160835,0.00947903431189855,2032.44189453125,yes,no,no,no,no,unknown,no,no
18047,148.88841779820143,69.06540624212,6.733967053893542,0.011040841135470896,3549.365966796875,yes,yes,yes,no,no,unknown,no,no
18048,149.47202136920336,69.06333364451812,6.7420607398778305,0.017490041785365038,2143.68994140625,no,yes,yes,no,yes,unknown,no,no
19981,148.88820018056649,69.0651787653906,6.965748291639897,0.021635441657079934,1851.4202880859375,yes,yes,yes,no,no,unknown,no,yes
18051,148.88773875654883,69.06498222205508,10.900245354688874,0.04833973867567707,1024.6820068359375,yes,yes,no,no,yes,unknown,no,no
19685,149.47233502923265,69.06329572935748,14.596099701195847,0.1465980245535868,402.4636535644531,no,yes,yes,no,yes,unknown,no,no
19992,148.88741821944038,69.00927410804066,7.70490359481906,0.052693372926903216,632.4542846679688,no,yes,yes,no,yes,unknown,no,yes
19993,148.88810694451988,69.06496952573339,10.88228603395603,0.06735057970896124,699.7853393554688,yes,yes,no,no,yes,unknown,no,no
18054,148.88864369575165,69.06526917691112,7.733854697011704,0.023805297453941204,1547.4609375,yes,yes,yes,no,no,unknown,no,no
19982,148.8881687947897,69.06529985986494,7.495770682918951,0.015308612694886923,2250.156982421875,yes,yes,yes,no,no,unknown,no,yes
18062,148.95927180710086,69.67943177448697,4.082291375327581,0.01036488143192941,1691.9400634765625,no,no,yes,no,no,unknown,no,yes
18064,148.96301502095008,69.6790751255243,3.881028966799324,0.025265405506228345,432.3725280761719,no,yes,no,no,no,unknown,no,no
18065,148.95902680128478,69.6797393418857,3.8864825679763038,0.008337316316475702,1818.0126953125,no,no,yes,no,no,unknown,no,no
18070,148.95865262073667,69.67959685438579,2.8747593782204905,0.0110139900857371,1095.029052734375,no,no,no,no,no,unknown,no,yes
18071,148.95849496409087,69.6798046607721,2.834317947726221,0.00584281815885396,2312.283203125,no,no,no,no,no,unknown,no,no
19333,149.11730348799216,28.85658158919085,4.3244595455351655,0.12116900688880831,51.132835388183594,yes,no,no,no,yes,unknown,no,no
19439,236.45553814274774,9.029381112297548,3.9534920911419533,0.15538945910174246,19.502620697021484,yes,no,no,no,yes,unknown,yes,no
20925,127.11659695710416,-6.933468222556874,4.767899645912708,0.5560775450959414,6.012607574462891,no,no,no,no,no,unknown,yes,no
22475,110.91726633553317,80.27600102482708,11.161697925829309,1.0234639184514998,7.076607704162598,no,no,no,no,no,unknown,no,no
22478,56.565553102387604,68.1869088938847,6.448930885553419,0.03286092636168301,1028.1754150390625,no,yes,yes,no,no,unknown,no,yes
22481,56.481194548094855,68.08196667142336,2.9072916637308546,0.011040090801316687,1873.2379150390625,yes,no,no,no,no,unknown,no,no
24393,179.48368097722744,55.453629311114234,0.15781694892773784,0.019596895277196092,1008.9910278320312,yes,yes,yes,no,no,unknown,no,no
25989,179.48405913798067,55.4537081539104,0.17217499605501138,0.02734167359130583,792.9857788085938,yes,yes,no,no,no,unknown,no,yes
25990,179.4840912070238,55.453704651579734,0.17703418250672753,0.028385642981009023,704.0715942382812,yes,yes,no,no,no,unknown,no,yes
25240,186.4750484774112,-36.141601777181855,5.553608500715657,0.25899115400231026,35.35786437988281,yes,no,no,no,no,unknown,no,no
27832,136.3489570462858,3.4874594096873124,6.612956671833152,0.6948379685002065,7.026972770690918,yes,no,no,no,yes,unknown,yes,no
28102,124.87130562577717,70.70533211137472,2.424538177571727,0.025193067242800037,678.7450561523438,yes,yes,no,no,no,unknown,no,no
30164,183.98059850761,9.524115883688516,7.278511021311733,0.47770589564590965,15.66181755065918,yes,no,no,no,yes,unknown,yes,no
30892,192.7427024418438,-6.568776780279981,9.218607546902582,0.9101626314816416,11.262083053588867,no,no,no,no,no,unknown,no,no
30738,115.55491708348326,16.465254009968753,6.913896457042788,0.33931178504974896,32.617183685302734,yes,no,no,no,yes,unknown,yes,no
379,148.76569570874148,69.7248291709843,1.272090603841152,0.16654278729510108,11.9298734664917,no,yes,yes,no,no,unknown,no,no
434,134.6727642259802,14.162481662422307,0.39638490470225196,0.011327584508891075,1158.8668212890625,yes,yes,no,no,no,unknown,yes,no
807,189.43133623688877,11.818256660987915,0.6015621924403372,0.005712077892509573,2775.395263671875,yes,yes,yes,no,yes,unknown,no,yes
864,196.26888753252382,-49.63521404926009,10.939483187052522,0.6422705286346486,6.859118461608887,no,no,no,no,no,unknown,yes,no
866,172.52933084290962,-14.824251973706845,0.5843525335778779,0.006035902205478644,3066.119384765625,yes,yes,yes,no,no,unknown,yes,no
1622,202.51792132362522,47.22251153914639,3.096180064014675,0.08738088921252195,34.29560089111328,no,yes,yes,no,yes,unknown,no,yes
1808,187.7056602161345,12.39118415492763,0.6125270869355856,0.018770351661217235,335.3819580078125,no,no,yes,no,no,unknown,unknown,yes
2126,174.98762605518672,65.79702279981201,0.8108248269028774,0.010048699714620342,1380.478515625,yes,no,no,no,yes,unknown,unknown,no
2137,164.6233318063903,1.5663346690852287,0.5761684188392642,0.009417629506397796,1284.071044921875,yes,yes,yes,no,no,unknown,yes,no
2139,178.35192692064217,49.519111283539516,0.5477521173905967,0.011023740621493295,1601.098876953125,yes,yes,yes,no,no,unknown,yes,no
2144,265.9851862506796,27.88067953674243,0.2823357722788665,0.015099390218442177,793.9295654296875,yes,no,no,no,no,unknown,no,no
2145,291.9521527025857,73.96706715133153,0.2894753617377226,0.010147537475489908,1897.569580078125,yes,yes,yes,no,no,unknown,no,no
2148,180.79007019674333,44.531254918895414,0.5649003225524998,0.004803168664586527,4357.576171875,yes,yes,yes,no,no,unknown,unknown,yes
2194,315.80563242158433,76.61341265154631,5.266531304803471,0.46034881701729513,8.864335060119629,yes,no,no,no,no,unknown,yes,no
2197,198.8315229852315,42.05064535503274,5.818012426254178,0.05025974784354654,507.05328369140625,no,yes,no,no,no,unknown,no,no
3004,208.5831655606852,32.92995021377255,0.5476770914303157,0.020678687000245347,612.6937866210938,yes,no,yes,no,no,unknown,no,yes
3009,3.659156444391707,79.22681556872566,5.795146039998316,0.5069342311056255,9.973952293395996,yes,no,no,no,no,unknown,yes,no
3013,170.78496481714018,1.6453819556344587,3.5548031269935785,0.1980735597764214,11.0586519241333,no,no,no,no,no,unknown,yes,no
3956,146.4858752004965,-14.405102063238587,4.12044198082104,0.19163380221059823,24.59568214416504,yes,yes,no,no,no,unknown,yes,no
3987,186.41480870773117,24.976765168487262,1.1645910743459087,0.0158407122731525,992.0509033203125,yes,no,no,no,no,unknown,yes,no
4004,301.961593900382,59.6361155061092,0.3296019049958174,0.01211370265415415,1333.70849609375,yes,no,no,no,no,unknown,no,yes
4054,204.56612168607043,4.542670545410006,0.5386217586714195,0.006792287037669016,3091.5302734375,yes,yes,yes,no,no,unknown,no,yes
4130,248.1329997335467,82.53785411086876,0.519454048190819,0.005937911112155698,3162.566650390625,yes,yes,yes,no,no,unknown,no,yes
4814,172.9648630264153,-12.53287812737095,0.8318661256622547,0.023734665927993212,898.4038696289062,yes,no,yes,no,no,unknown,no,no
4871,174.74411742032893,-1.9615569731505034,4.306098641716545,0.09948776603849296,67.37773895263672,yes,no,no,yes,no,unknown,yes,no
4877,187.2778807124355,2.0523683635222443,0.6231820369755188,0.012623005955879405,1763.994873046875,yes,yes,yes,no,no,unknown,yes,no
4878,187.27789761213316,2.052457312384769,1.0020189231850516,0.013358658316068308,1772.874755859375,yes,unknown,yes,no,no,unknown,yes,no
4879,187.2778676818693,2.0524363138576325,1.0285213585084017,0.011005669753542143,1814.206298828125,yes,yes,yes,no,no,unknown,yes,no
5709,301.3791574652325,77.87870720795769,0.5279900452704254,0.008680814795492906,1754.29736328125,yes,yes,no,no,no,unknown,yes,no
5736,180.73718030649053,-20.934225023064368,0.31557811926884227,0.011676555681572741,1178.40283203125,yes,yes,no,no,no,unknown,unknown,yes
6842,146.93818785174972,7.422334485513599,1.6919587296391503,0.01367756959434192,1110.9952392578125,yes,no,yes,no,no,unknown,no,no
6858,229.5001370677526,42.64048933576878,6.299749606132845,0.6505721041667569,9.47217845916748,yes,no,no,no,yes,unknown,yes,no
6903,209.26850688865898,19.31874527873117,0.25906766507518,0.005206803453249208,3372.8642578125,yes,yes,yes,no,yes,unknown,yes,no
7303,209.26853328821213,19.318739147511852,0.26159953830118743,0.005369380943689482,3126.596435546875,yes,yes,yes,no,yes,unknown,yes,no
7798,201.36521766678598,-43.01916145937981,4.792885859494572,0.013477447078833318,1301.860595703125,no,yes,yes,no,no,unknown,no,yes
7799,201.3652301762225,-43.01915219536183,4.788530951218936,0.012834743282650572,1367.42431640625,no,yes,yes,no,no,unknown,no,yes
7800,201.3647144877473,-43.01961426097256,4.570029740065775,0.008151915791292237,1331.677734375,no,no,no,no,no,unknown,no,no
8490,201.2432837402473,-43.04063319287577,3.7844070652780624,0.2121062158073697,8.522558212280273,no,no,no,no,no,unknown,no,yes
7874,217.59893075377536,42.0768462332993,0.10669576430646478,0.015965308565274828,678.3770141601562,yes,yes,no,no,no,unknown,yes,no
8247,193.44593679422667,3.4417992080349773,0.11240906646314941,0.022642538140034068,598.1555786132812,yes,yes,no,no,no,unknown,no,no
9181,172.96484375780682,-12.53296886438091,0.07866680198738385,0.010015906451239348,2436.688720703125,yes,no,yes,yes,no,unknown,no,no
9182,133.70366572939145,20.108453094491544,0.08850060302783531,0.0049987857026450744,3027.8857421875,yes,yes,no,no,no,unknown,yes,no
9217,182.63573235319768,39.40590145022491,0.09244255435316795,0.004823013351750749,4436.09716796875,yes,yes,yes,no,yes,unknown,no,yes
9800,310.65403510002176,75.13391036467242,4.708139617478445,0.01611691242062974,1447.543212890625,yes,yes,no,no,no,unknown,no,no
9238,172.96482479158837,-12.532973367754982,0.08307454841433824,0.012217980730458346,1679.6884765625,yes,no,yes,yes,no,unknown,no,no
9282,204.41582630044644,-12.956878276099657,0.09773066339626446,0.012711096211760932,1083.9244384765625,yes,yes,no,no,no,unknown,yes,no
10348,237.2032478457818,-4.907546742242729,5.509348306831112,0.6224468965328646,9.595010757446289,yes,no,no,no,no,unknown,yes,no
12011,250.74500829771304,39.81024760011929,0.12311623678127945,0.007221799480308474,2494.0341796875,yes,yes,yes,no,no,unknown,yes,no
11501,122.26798313251524,-10.580802606930483,7.525929889897104,0.8407726224532098,7.673767566680908,yes,no,no,no,no,unknown,yes,no
11542,172.9649268215675,-12.532993314032359,0.10313893368546513,0.006130406302988837,3353.2783203125,yes,no,yes,no,no,unknown,no,no
11543,172.96486729944215,-12.53295186013518,0.1268188189482098,0.006434043287449892,3310.120361328125,yes,no,yes,no,no,unknown,no,no
11544,172.96487005571353,-12.532934969649519,0.16646857713255606,0.008248614682861491,3714.805419921875,yes,no,yes,no,no,unknown,no,no
11545,172.96491308292522,-12.532961492653206,0.11753335538205431,0.010920490292834827,1764.9974365234375,yes,no,yes,no,no,unknown,no,no
12753,143.7416150624805,17.103964659944484,4.110407968935246,0.11611588927084848,56.35072708129883,yes,no,no,no,yes,unknown,yes,no
12863,174.12237253273173,21.596160734073496,0.17717926071237738,0.007537674029667584,2271.235107421875,yes,yes,no,no,no,unknown,no,yes
12865,136.15394530463232,55.600726455901494,0.1722800136954365,0.008106558791531,2122.835205078125,yes,yes,no,no,no,unknown,no,no
12873,176.41864915250665,-18.45418581212096,0.26506806847954595,0.007167072504122792,3143.8974609375,yes,yes,no,no,no,unknown,no,yes
13859,153.14345164214168,6.337465862604166,5.424560668696315,0.05074045849884378,612.6717529296875,no,no,no,yes,no,unknown,no,no
13901,247.81466929644944,23.882628154502697,0.2673319267314947,0.01152261299535611,1101.29541015625,yes,yes,no,no,no,unknown,no,no
14504,166.49332681846138,-18.215672270456395,11.575638085071985,0.49200000000008304,3.848787307739258,no,no,no,no,no,unknown,no,no
14508,172.96490377697918,-12.532859630155997,0.24379846411200107,0.01968056917533372,919.578857421875,yes,no,yes,no,no,unknown,no,no
14511,172.96485494220337,-12.53285349738914,0.4026111471365472,0.018308668268534098,1071.144775390625,yes,no,yes,no,no,unknown,no,no
15012,249.5830527386425,62.54998357594792,1.7894751601845724,0.11854950163208018,14.846388816833496,yes,no,no,no,no,unknown,yes,no
15022,204.56613583438025,4.5426509375827395,0.22535670170106462,0.006654744925373425,2834.74365234375,yes,yes,yes,no,no,unknown,no,yes
15618,204.56613508780043,4.542604216169985,0.2821753329648616,0.007527357073749896,2258.084228515625,yes,yes,yes,no,no,unknown,unknown,yes
15621,204.56606497044913,4.5426834700227845,0.2674019257003904,0.006382419240590705,2830.75537109375,yes,yes,yes,no,no,unknown,no,yes
15037,162.0276065488447,-19.159938225565494,0.20570259802030108,0.007108739358085055,1586.19921875,yes,yes,yes,no,no,unknown,no,no
15038,282.3168180087474,67.09488155155063,0.28353339684994544,0.00900230635282807,1799.358154296875,yes,yes,yes,no,yes,unknown,no,no
16322,282.3168637963747,67.09493977311358,0.31945465887682534,0.005996546767487623,2606.3779296875,yes,yes,yes,no,yes,unknown,no,no
15063,258.987263477145,-10.363169807142896,9.749170110808764,1.090858124967924,8.71440315246582,yes,no,yes,no,no,unknown,yes,no
16093,233.73483173846552,23.468426279859813,2.195102919102303,0.1678436732318618,7.600986480712891,no,no,no,no,no,unknown,no,no
17091,291.9519326627087,73.96720474153958,0.07380119946194638,0.0065965614344114,3518.80126953125,yes,unknown,yes,no,no,unknown,no,no
17099,190.66042329182093,15.492954834607167,8.009966033305547,0.09422398335652507,450.2855529785156,yes,no,no,no,no,unknown,no,no
17607,251.03906012495506,57.70938985789638,9.287200888855914,0.327956978891464,57.52271270751953,yes,yes,yes,no,no,unknown,no,no
18141,202.80775972887562,-25.402754563058153,0.2408997820157043,0.006867706514954098,3035.103271484375,yes,yes,no,no,no,unknown,no,no
19618,172.96489480721021,-12.532848091302363,0.09637072739951817,0.015770648954903214,1142.5682373046875,yes,no,no,no,no,unknown,no,no
19620,172.96494709183224,-12.532914894775448,0.11801789793359058,0.014071912972023098,1544.890380859375,yes,yes,yes,no,no,unknown,no,no
19621,172.96492266016895,-12.532883720460747,0.11734517943488669,0.012720800157358806,1631.7669677734375,yes,no,yes,no,no,unknown,no,no
19622,172.96502760493286,-12.533002764891885,0.09108689643663176,0.010722629039108986,1882.145751953125,yes,yes,no,no,no,unknown,no,no
19623,172.96484328791405,-12.532915279722559,0.11453885876828308,0.008650462440681446,2674.346923828125,yes,no,yes,no,no,unknown,no,no
19624,172.9648718036367,-12.53285492594876,0.14017150784109597,0.010388836104107724,1858.135498046875,yes,no,yes,no,no,unknown,no,no
19625,172.964918947392,-12.532859582226548,0.14317980155624788,0.013207147000860677,1529.2230224609375,yes,no,yes,no,no,unknown,no,no
21995,172.96493033899648,-12.532797081622457,0.11769407673503805,0.015340221371880562,1480.793701171875,yes,no,no,no,no,unknown,no,no
20034,187.7058464593269,12.39127215914792,0.11120204275276876,0.02023114585291239,291.9398498535156,yes,no,no,no,no,unknown,no,yes
20035,187.70575518605713,12.391134558071565,0.10621587627575631,0.022212526071944003,278.0495300292969,no,no,yes,no,no,unknown,no,yes
21047,162.151282254753,-25.161328977943636,2.9988770059745438,0.14089512436349338,13.401420593261719,yes,yes,yes,no,no,unknown,yes,no
20772,200.38400598784304,38.8803312708159,9.845690256595853,0.0857132007690496,575.1585693359375,yes,yes,no,no,no,unknown,no,no
21402,342.3697766882507,71.49002534369978,5.020653840525322,0.46529009159185786,9.235395431518555,yes,no,no,no,no,unknown,no,no
21424,115.8016627141655,44.843438508066875,10.034878385661035,0.8732606104396379,13.790696144104004,yes,no,yes,no,yes,unknown,yes,no
22928,175.16165989417723,-26.486127971653996,3.053123048609912,0.24562007699335936,13.114662170410156,yes,no,no,no,yes,unknown,yes,no
21076,187.70581438922662,12.391207006876257,0.08653061064478111,0.016197503347941185,331.5320739746094,yes,no,yes,no,no,unknown,no,yes
22057,256.25158648401657,-1.5412726030585544,0.20269047196083295,0.025838043535236582,673.3805541992188,yes,no,no,no,no,unknown,no,no
22091,130.52327320440745,7.990459161298836,0.16261375408843368,0.012827945463432543,1276.2384033203125,yes,yes,no,no,no,unknown,yes,no
22152,253.46756773769627,39.76033100673002,0.16465461168923282,0.013489553704799588,2060.936767578125,yes,no,no,no,no,unknown,yes,no
22537,277.20043616821545,50.372404305137145,0.15945151682704317,0.02309439668525385,606.4420776367188,yes,no,no,no,no,unknown,no,no
22558,289.58999106608377,49.60698191198801,4.2424422313296795,0.13947388079511097,44.112918853759766,no,no,no,no,no,unknown,no,no
22559,289.7088510141345,49.6057580120838,1.6696249318616487,0.12553347562375924,18.31484031677246,yes,no,yes,no,no,unknown,no,no
23349,237.18031937827857,-32.11970948007776,0.038890906856527734,0.014572200545044165,1297.3095703125,yes,yes,no,no,no,unknown,no,no
26454,149.7848681828869,-22.659510014979364,11.003098329342038,0.14661635636320958,254.59605407714844,yes,yes,no,no,no,unknown,yes,no
24461,174.6112346576431,3.368306122557325,9.00106420131338,0.057853994736681846,807.7860717773438,yes,no,no,no,no,unknown,no,no
23820,128.23674271455724,23.063020863261713,2.3430233019004434,0.16824915257957176,15.358280181884766,no,no,no,no,yes,unknown,yes,no
24798,174.78378407027316,-13.86434960662236,1.1824830627280192,0.10595175712882912,18.027681350708008,yes,no,no,no,no,unknown,yes,no
24800,174.79453626590916,-13.845415494598207,0.1679526790456568,0.01111285423891232,1403.8438720703125,yes,yes,no,no,no,unknown,yes,no
24801,174.79442927306158,-13.845439270418279,0.12722822354092841,0.00996161582398324,1586.357177734375,yes,yes,no,no,no,unknown,no,no
24802,174.79451273312475,-13.845270891449896,0.12777759397769506,0.010241354768972297,1275.22216796875,yes,no,no,no,no,unknown,no,no
24803,174.79462701988794,-13.845461794930483,0.11609814330149595,0.019031695209577926,703.6039428710938,yes,yes,yes,no,no,unknown,yes,no
24804,174.79447368036162,-13.845404871106204,0.1393098385240672,0.010477015846776405,1583.1787109375,yes,yes,no,no,no,unknown,yes,no
24995,174.79437549539384,-13.845368470009332,0.17703463460218793,0.011792688756719745,1139.7567138671875,yes,no,no,no,no,unknown,no,no
24752,178.35200025118453,49.51909779172751,0.11221129201557478,0.014163580637485863,1185.99853515625,yes,yes,yes,no,no,unknown,yes,no
26243,178.35185541234642,49.51911547893614,0.18452280816790645,0.018949059844322703,835.8972778320312,yes,yes,yes,no,no,unknown,yes,no
26444,178.40330363336625,49.60033236263651,5.214519585570649,0.3588565841669845,6.999619483947754,yes,no,no,no,no,unknown,no,no
25369,187.70580191000766,12.391351308354587,0.14505689225992993,0.01818675471470634,337.95147705078125,no,no,no,no,no,unknown,no,no
26455,159.26571020520126,-11.439934627445789,0.10573000053105482,0.023096238875055845,649.2557373046875,yes,no,no,no,no,unknown,no,no
26729,131.2619171087293,3.3025523568205153,11.884152805911743,1.1785956287542683,9.694099426269531,no,no,no,no,no,unknown,no,no
27145,124.92319082743168,8.36949107201083,1.690937965368799,0.17542558917602408,9.640203475952148,yes,no,no,no,yes,unknown,yes,no
27151,116.35723613249212,47.70383653067979,7.425238902172202,0.2852771421840701,49.43175506591797,yes,no,no,no,yes,unknown,yes,no
27154,116.31928449536761,47.48892579830445,5.56399047114744,0.5426033635232572,8.854830741882324,yes,no,no,no,yes,unknown,yes,no
27883,249.62892459216275,-20.9232972080243,0.17433725376799084,0.012480182853150468,1747.572265625,yes,no,no,no,no,unknown,no,no
27898,250.34407679228948,-20.009341045618044,6.224800410916547,0.053758703459157536,590.716796875,yes,no,no,no,no,unknown,no,no
28917,271.9579845730135,11.34690763769894,0.1859495505198986,0.024674922077226435,740.4304809570312,yes,yes,no,no,no,unknown,no,no
29186,119.97283183757021,23.3901561533524,0.23383380004806265,0.017173715058762317,892.7283325195312,yes,yes,no,no,no,unknown,no,no
29187,124.21312685990269,18.047156400956112,0.22525257078948357,0.01835683618275151,954.9888916015625,yes,no,no,no,no,unknown,no,no
29361,193.83206605568148,1.736757378788341,0.2574074278217551,0.02127377193624131,671.9659423828125,yes,yes,no,no,no,unknown,yes,no
29386,219.20671876435833,-16.228140366058625,0.2365754043645293,0.016530510856174737,1189.916259765625,yes,yes,no,no,no,unknown,no,no
3666,207.14560214051383,26.519439092049,4.623911429162651,0.038319326585968566,567.3414916992188,yes,yes,yes,no,no,unknown,no,no
494,207.14006897584116,26.369966129565753,15.0650848767778,0.5966811964823064,28.663747787475586,no,no,no,no,no,unknown,no,no
325,197.9877354895833,42.52782227822458,11.169158836654475,0.7578486742263191,12.306845664978027,no,no,no,no,no,unknown,no,no
326,237.50387838379592,21.40684724386671,3.5039136080990705,0.2688224127248045,11.54018783569336,yes,no,no,no,yes,unknown,yes,no
900,230.46542066553562,7.7808936089492695,2.0441739521166524,0.10711410890571163,24.83360481262207,yes,no,no,no,yes,unknown,yes,no
27259,195.84259178215314,-13.6923320752158,0.153683473922023,0.01872714010761859,790.2010498046875,yes,no,no,yes,no,unknown,no,no
2207,234.9913689510923,66.23063553819888,5.085823185746263,0.2819998498884643,14.13521957397461,yes,no,no,no,no,unknown,no,no
2227,137.69052628551876,54.33923133708132,1.000153346044301,0.10374875267706314,22.09116554260254,yes,no,no,no,no,unknown,yes,no
3214,238.1109459121021,20.199873660633326,4.869188315314452,0.3580757950490143,14.077508926391602,no,no,no,no,no,unknown,no,no
3223,205.27127282664034,39.99600292424083,17.738658967316315,0.09166012033973991,692.5787963867188,yes,yes,no,no,no,unknown,no,no
4197,115.29814706365035,74.24730726659425,2.4536538218916855,0.038020280336384375,124.5250015258789,yes,yes,yes,no,no,unknown,yes,no
4199,109.10820115030563,47.130916828018336,4.071733055622254,0.17695526384500665,27.342269897460938,yes,no,no,no,no,unknown,no,no
5294,149.2183475464129,41.25639150819715,10.548332605786504,0.07888652995155164,719.200927734375,yes,yes,yes,no,no,unknown,no,no
2204,227.67134155389934,33.58465559541076,8.039435967059282,0.034999887329168526,1134.19384765625,yes,yes,yes,no,no,unknown,no,no
5790,169.78549964023304,21.321499586340472,10.750510913800436,0.03921197056661955,1718.27001953125,yes,yes,no,no,no,unknown,no,no
7210,187.70566524059114,12.3912749867634,0.7495917047020558,0.018706113787493296,365.1095275878906,no,no,yes,no,no,unknown,no,yes
7211,187.70566272697098,12.391259987887269,0.7470550926021282,0.02530340885297622,278.7285461425781,no,no,yes,no,no,unknown,no,yes
5838,141.51351325728254,12.734114138829112,8.4988904412048,0.03128281789385367,1496.6165771484375,yes,no,no,no,no,unknown,no,yes
6112,216.71548756950347,44.15468826414348,4.573640685242395,0.2130261260439276,18.66248893737793,yes,no,yes,no,yes,unknown,unknown,no
6932,241.13863126963707,43.060815988948654,7.148309135880017,0.22786515575074012,30.30707359313965,yes,yes,yes,no,yes,unknown,yes,no
6942,155.51585164486255,38.555987804788714,2.2979167757482135,0.15529992382912616,16.346933364868164,yes,no,no,no,yes,unknown,yes,no
6945,172.7977481182911,36.62343673259924,14.267753564771942,0.370033341401366,65.2833023071289,yes,no,no,no,yes,unknown,yes,no
10415,129.3530531679195,14.972286241583067,2.7261674236648235,0.020289345036461286,1169.785888671875,yes,yes,no,no,no,unknown,no,no
10461,219.66382630760785,34.22784336643362,5.515565224995711,0.3699859262837279,11.96989631652832,yes,no,no,no,yes,unknown,yes,no
12878,186.7022335963758,21.883585823405273,2.7929961910066448,0.011662762437043816,1156.50927734375,yes,no,yes,no,no,unknown,no,no
12884,212.12042480311058,-27.05793588358309,12.9576222540769,0.4175605983728033,35.97532653808594,no,no,no,no,no,unknown,no,no
14016,228.05321863731353,-22.918964193343452,5.974363980847372,0.020838315869390802,1636.472900390625,yes,yes,yes,no,yes,unknown,yes,no
14021,207.50504888234488,9.569521883901707,8.936839840323408,0.5609473263552872,18.888431549072266,yes,no,no,no,no,unknown,yes,no
15132,149.98120953302936,-30.21925715504942,4.988224854039233,0.4303560211094599,10.33137035369873,yes,no,no,no,no,unknown,yes,no
15136,175.64518286410453,58.553611284621695,3.988794659321613,0.1810051685016691,13.075511932373047,yes,no,no,no,yes,unknown,no,no
15316,130.50501573444964,-17.436413013958735,3.7809871591807096,0.1884220067673268,14.681447982788086,yes,yes,yes,no,no,unknown,yes,no
16613,232.89504838264384,35.565483428569294,1.6837136647072644,0.044786987263667304,59.27704620361328,yes,no,yes,no,no,unknown,no,no
5828,187.705664088189,12.391273571528151,0.7438995199368661,0.018243002512886842,386.6248474121094,no,no,yes,no,no,unknown,no,yes
6186,187.70258053131647,12.39233751813436,0.6217080262369333,0.028832655127572746,138.3392791748047,no,no,yes,no,no,unknown,no,yes
15614,157.83110509124134,35.00489256038143,4.896253012879788,0.39205948528239687,6.833841800689697,yes,no,no,no,yes,unknown,yes,no
16281,336.0049142508052,78.32128167732124,4.640106546733431,0.2915555555554282,8.17326831817627,yes,no,no,no,no,unknown,no,no
17494,177.786548541008,-28.043747627072168,2.9023224634636393,0.07104034086092127,39.76304626464844,yes,no,no,no,no,unknown,no,no
17180,127.05908898935475,41.89761947639845,1.2577665630098636,0.016166835717418466,1012.3065185546875,yes,no,no,no,no,unknown,no,no
17654,198.68420388813527,-16.35202688346937,9.83130724807639,0.641330877953203,20.505887985229492,yes,yes,no,no,no,unknown,yes,no
17615,207.73540481204049,26.583117963860687,8.719705457610527,0.47616035665861806,26.942102432250977,no,yes,yes,no,no,unknown,no,no
18218,205.88128497059412,42.028449613749345,6.437403660138638,0.47126423984962224,14.758132934570312,no,no,no,no,yes,unknown,yes,no
18224,260.8369098453313,34.29939772692728,6.529804065287998,0.03498030416420382,1182.7984619140625,yes,no,no,no,no,unknown,no,no
18248,119.79399025687347,53.950844837297836,5.39718980082917,0.03513899452103925,735.6561889648438,yes,no,no,no,no,unknown,no,no
19699,210.99469165469858,38.49594474920251,3.7808639568589157,0.09451644411213952,64.535400390625,yes,no,no,no,yes,unknown,yes,no
19935,258.979941255148,57.39077373473864,6.648555973729719,0.4392150663594267,12.837855339050293,yes,no,no,no,yes,unknown,yes,no
19570,139.68209578687848,-12.439764492786471,2.9507808257828727,0.16586212031185343,19.166645050048828,yes,no,no,no,no,unknown,no,no
22164,186.17438359110034,12.863813359944455,4.72380838148811,0.22289721744948304,13.167257308959961,yes,no,no,no,no,unknown,no,no
21081,181.60849380585069,-8.728845111442173,8.431289002222472,0.32529022656626067,44.58805465698242,yes,yes,yes,no,no,unknown,yes,no
20585,201.36508790088877,-43.01910888779028,6.43665614704257,0.011496987235647202,2812.111572265625,no,yes,yes,no,no,unknown,no,yes
22189,201.36503705904485,-43.0191172234466,6.437722972846955,0.015395484919902213,2274.544677734375,no,yes,yes,no,no,unknown,no,yes
20952,250.2161752034303,46.68467390494622,5.375535663932338,0.04715645446745775,336.35107421875,yes,yes,yes,no,yes,unknown,yes,no
22104,275.488570492295,64.34343971157335,1.0199229260695364,0.007059494886559661,2057.861572265625,yes,yes,yes,no,yes,unknown,yes,no
22106,275.4886851085871,64.34325593375787,0.8748270006524376,0.005124453531821567,2516.48583984375,yes,yes,no,no,yes,unknown,no,no
22108,275.4882147752998,64.3436502958491,0.9331377532127657,0.008814825961211642,1735.837158203125,yes,yes,no,no,no,unknown,yes,no
23053,275.48847313535464,64.34332598996997,1.0502049291545676,0.006752152578199426,2391.585693359375,yes,yes,yes,no,yes,unknown,yes,no
23240,275.4884111346077,64.34348877606821,0.9232359384575504,0.0068779852317673315,2204.92822265625,yes,yes,yes,no,no,unknown,yes,no
24639,275.4883065928013,64.34341797431965,1.0392853931768684,0.005982100528569793,2367.2841796875,yes,yes,yes,no,no,unknown,yes,no
24641,275.4883532263783,64.34335787103822,1.0414882836766142,0.00595226730721827,2076.509033203125,yes,yes,yes,no,no,unknown,yes,no
24661,275.4884402227051,64.3433078465671,1.0687415156101105,0.011204275919158955,1359.7476806640625,yes,yes,yes,no,yes,unknown,yes,no
21563,128.67587263849725,45.485443108911426,5.141550629418369,0.2647678944026678,22.819812774658203,yes,unknown,no,no,no,unknown,no,no
22650,144.92814562710618,40.84081973383738,4.619030040376461,0.13058090845136003,27.315752029418945,yes,no,no,no,no,unknown,no,no
22651,209.92708554411422,41.090002118111265,4.034719337537548,0.25796960793121476,10.095206260681152,yes,no,no,no,yes,unknown,yes,no
27205,284.07424491141353,66.27162274607707,2.777110936413972,0.1908798435317384,13.600420951843262,yes,no,yes,no,no,unknown,no,no
5287,207.14561571122917,26.51956808204121,6.980105623256273,0.06893369796083652,346.7908935546875,yes,yes,yes,no,no,unknown,no,no
5288,207.14576042346306,26.51952941958521,6.978240829768227,0.05067034925389563,570.7249145507812,yes,yes,no,no,no,unknown,no,no
12028,207.1824304293486,26.621809855685136,2.184912012140988,0.0793678620825732,17.589078903198242,yes,no,yes,no,yes,unknown,yes,no
16434,207.14566939566677,26.51946517379981,6.107360070765847,0.046736968092668946,430.843994140625,yes,yes,yes,no,no,unknown,no,no
21831,207.34718900057644,26.584445157981065,5.859264076267365,0.42929232748694457,10.947996139526367,no,no,no,no,no,unknown,no,no
957,189.0206895249393,62.33736856470176,6.648096066849318,0.33505890012302436,21.892967224121094,yes,yes,no,no,yes,unknown,yes,no
967,189.35728061176226,62.28013876218696,4.705184732345337,0.266302811663635,6.664570331573486,yes,no,no,no,yes,unknown,yes,no
5887,166.73818260763304,-5.605240097689611,12.980447628032492,0.10591818720795045,422.0377502441406,yes,no,no,no,no,unknown,no,yes
8552,150.42331828672232,2.133039783298098,0.7940092515189281,0.10153592444028602,21.69548225402832,yes,yes,yes,no,yes,unknown,yes,no
8021,149.75409692828472,2.141930276827873,4.241888836666308,0.17663340567400904,15.187886238098145,yes,no,yes,no,yes,unknown,yes,no
9759,255.38344430418627,64.2835406724297,7.168595244054516,0.7040090334257798,8.499100685119629,yes,no,no,no,yes,unknown,yes,no
8636,252.12751443009398,34.96327645739345,7.230875969748423,0.46245863921815894,21.355321884155273,yes,yes,no,no,yes,unknown,yes,no
9875,215.07395741575738,53.10646123642974,6.395229296766978,0.2849899534267971,22.564470291137695,no,no,no,no,no,unknown,yes,no
9456,214.9598735466957,52.74346822998892,6.843777328645222,0.42873407677711545,14.168363571166992,yes,no,yes,no,yes,unknown,yes,no
9506,168.13952391072073,-26.7337910531099,10.793520374094442,1.062113685063905,5.556517124176025,no,no,no,no,no,unknown,yes,no
11779,192.91123088405163,-10.492436897716331,3.2659766552202254,0.177140245756335,10.75167179107666,no,no,no,unknown,no,unknown,yes,no
12290,162.10333353483014,-25.113267900209763,3.039630829756476,0.0896880198085112,26.314083099365234,yes,no,yes,no,no,unknown,yes,no
12926,268.5217520218987,66.71188235899464,3.5721265269507727,0.19791343888096857,15.79794692993164,yes,no,yes,no,no,unknown,unknown,unknown
12928,268.45082024323324,66.3678745910018,5.192982481203246,0.3541525225322221,8.538675308227539,unknown,unknown,yes,no,no,unknown,no,no
15211,149.99779140673738,2.7795473808286117,6.881236505019707,0.4520369991580331,12.726689338684082,yes,yes,no,no,yes,unknown,yes,no
15214,149.8264265039669,2.7179138888782552,6.096236658793739,0.2371393120789848,33.190738677978516,yes,yes,yes,no,yes,unknown,yes,no
15220,149.56678700706956,1.8125006062959164,3.574978936827272,0.10675150266126791,27.204265594482422,yes,no,no,no,yes,unknown,no,no
15239,149.9678619133674,2.7805717537894097,5.170753142145531,0.5303136855284241,9.343867301940918,yes,yes,no,no,yes,unknown,yes,no
15247,149.9455419612574,1.5808852535963795,0.3746938640726551,0.09678537728701513,27.86928367614746,yes,no,yes,no,yes,unknown,no,no
18479,217.46556501387684,33.951625640427814,4.163005797646501,0.14033024207083686,19.367815017700195,yes,no,no,no,yes,unknown,yes,no
1463,24.68359814315369,8.708503181552839,1.7834521471688551,0.22759985940267585,9.695898056030273,no,no,no,no,no,unknown,no,no
17708,284.29391275179313,-20.864164430424154,7.310356909494496,0.70436165505221,5.781067848205566,yes,no,no,no,no,unknown,yes,no
17709,284.32088384225955,-20.894216805987558,3.5056299733861787,0.2097557666835317,17.43198013305664,yes,no,no,no,no,unknown,yes,no
25104,354.91591734027924,-69.19615251893289,0.17008124560348323,0.010653489376556927,1450.74560546875,yes,no,no,no,no,unknown,no,no
25105,354.9154384253299,-69.19494597715334,0.19837418602621423,0.016098773179245893,736.907958984375,yes,no,no,no,no,unknown,no,no
25106,354.9158614767925,-69.19609705856233,0.05821859393470533,0.013818177971285324,1093.4716796875,yes,no,no,no,no,unknown,no,no
366,56.64801491428161,24.02650239991879,4.525429671041816,0.05586343605061473,278.51287841796875,yes,no,yes,no,no,unknown,yes,no
18,83.7882345010873,-5.516053363179786,8.076036588874285,0.18110672011581552,46.11821746826172,yes,yes,no,no,yes,unknown,yes,no
1522,83.83414841608165,-5.478265930029614,5.34630295324282,0.1290785702258462,44.822994232177734,yes,no,yes,no,yes,unknown,yes,no
19,285.4693247678097,-36.94993784261837,1.6873076486425127,0.1000474576798809,28.546756744384766,no,yes,yes,no,no,unknown,no,no
21,84.13707583445152,-6.739122826163302,2.202771125299452,0.03724253512580005,186.30950927734375,yes,no,yes,no,no,unknown,yes,no
606,55.99884907479116,32.23415014739087,8.704186202102541,0.120175508857946,262.96600341796875,yes,yes,yes,no,no,unknown,yes,no
624,54.89680312634917,-35.42891557700896,0.601401942431699,0.2832529234781057,7.5699262619018555,no,no,no,no,no,unknown,no,no
634,83.84330415131366,-5.134650241914715,2.3365580609470094,0.025669695607215208,190.78538513183594,yes,no,no,no,no,unknown,yes,no
642,52.310096769454695,31.37670466093181,3.4486928507702412,0.1968950200699036,12.645890235900879,yes,no,no,no,no,unknown,unknown,unknown
1867,167.83357045699768,-76.64039436773764,5.707100818757783,0.32550868258632404,11.251603126525879,unknown,unknown,no,no,no,unknown,yes,no
1872,86.80864658791623,0.004391913913871153,8.139603203438023,0.03695993388064252,955.0807495117188,yes,no,no,no,no,unknown,yes,no
1878,85.46051809530935,-2.049343562398886,7.838523174760895,0.2883130228960604,42.969093322753906,yes,no,no,no,no,unknown,yes,no
1882,91.94120792459721,-6.416056662657355,2.3582227489346588,0.037753340444904145,90.91827392578125,yes,no,no,no,no,unknown,no,no
2522,64.69585716205455,28.33542468350063,12.429446091437686,0.2213303080641861,226.3548583984375,yes,yes,yes,no,yes,unknown,yes,no
2539,86.53285133197292,-0.1991589715505838,2.3508288932919945,0.010615268628713065,2126.331298828125,yes,yes,yes,no,no,unknown,yes,no
2548,83.82059657642446,-5.765504819329834,5.734543859719933,0.1443578050323481,63.5009880065918,no,no,no,no,no,unknown,unknown,unknown
2549,83.84920768313285,-4.837938493386349,2.2410066619602294,0.038253055287193194,155.78370666503906,unknown,unknown,yes,no,no,unknown,yes,no
3364,64.62959936075725,28.454461682091722,4.513757217064391,0.025329211038824535,1261.385986328125,yes,yes,yes,no,yes,unknown,yes,no
3498,83.85558049482862,-5.424880932143956,2.8405569645850828,0.12920552993400808,10.502813339233398,yes,no,yes,no,yes,unknown,yes,no
3499,285.4629009297371,-36.903520756777546,3.6200240613485857,0.23073722156242632,14.25744342803955,no,no,yes,no,no,unknown,yes,no
3744,83.81148051311457,-5.571263163442183,10.570702876537558,0.20211625384292703,58.67280578613281,yes,yes,yes,no,yes,unknown,yes,no
4374,83.83456932135049,-5.510921973163947,7.011782441968137,0.05624141145806051,243.46510314941406,yes,no,yes,no,yes,unknown,yes,no
4395,83.81588888255993,-5.553378844448164,9.48585075974966,0.04307907836105715,898.5173950195312,yes,yes,yes,no,yes,unknown,unknown,unknown
4396,83.78342478913214,-5.545571373704493,9.275109402933612,0.13396010886818896,131.4355926513672,unknown,unknown,yes,no,yes,unknown,unknown,unknown
3752,29.515917040982398,37.6869993698835,7.154936336492283,0.26779060799033516,28.296344757080078,unknown,unknown,yes,no,no,unknown,no,no
4475,285.41835697588454,-36.86186843510871,7.972062422011875,0.33051106194969343,41.107173919677734,yes,yes,yes,no,no,unknown,yes,no
4499,66.77685656788003,24.779031594414544,3.5985062714671234,0.17462936553912545,19.292346954345703,no,no,no,no,no,unknown,yes,no
5415,68.39183159404637,24.354731997526514,0.609374703834378,0.013449042816012087,960.3167114257812,yes,no,yes,no,yes,unknown,yes,no
5427,288.8582223162661,-24.206673574541483,2.613361250356581,0.11639352477162689,21.36178207397461,yes,yes,no,no,no,unknown,yes,no
6396,165.6447181307317,-77.64466990278078,7.429153407901874,0.6801713046658415,12.823332786560059,no,no,no,no,no,unknown,yes,no
7246,66.72671727366108,26.114130896032634,2.3534900712532045,0.10922967336512657,24.347614288330078,yes,unknown,yes,no,no,unknown,yes,no
7247,66.73878688548174,26.107834270386856,1.4650591462521028,0.05490783659786914,69.234619140625,yes,yes,yes,no,yes,unknown,yes,no
6413,86.53318461956897,-0.03128931588985173,4.711775539891007,0.19462867263133046,16.090362548828125,no,yes,yes,no,no,unknown,yes,no
6417,83.69847716849665,-5.730513189818673,10.203758986090646,0.23787048160460453,116.45891571044922,yes,yes,yes,no,yes,unknown,yes,no
6418,83.77335643054126,-5.489609455981743,6.87313509572742,0.18064750099276888,53.91179275512695,yes,yes,yes,no,yes,unknown,yes,no
6419,83.83008454959115,-5.517839170854047,8.654174639858041,0.19700190455528704,75.85501098632812,yes,yes,yes,no,no,unknown,no,no
6436,52.392788547687914,31.295370207677994,7.3775282348536235,0.1094747219247669,171.4846649169922,yes,yes,yes,no,no,unknown,yes,no
8585,86.5410136570039,-0.09991095907865206,3.331375617328211,0.23649919848978904,14.930206298828125,no,yes,yes,no,no,unknown,yes,no
8936,83.77400270568644,-5.565566053561879,5.235296325250953,0.0653031851195677,273.2691955566406,yes,no,yes,no,yes,unknown,yes,no
9915,86.48726410419688,-0.13087763962052187,4.6101420284864645,0.17179325997496048,22.22185707092285,yes,yes,no,no,no,unknown,yes,no
9922,68.45518106357015,17.886099969891276,2.597362289779496,0.17078612075703212,13.06621265411377,yes,no,no,no,no,unknown,yes,no
9926,104.6565385286976,-28.972054949467978,0.06628841103607173,0.011975536449344145,1281.8642578125,no,yes,no,yes,no,unknown,no,no
8584,55.99867053258268,32.03171473191812,4.75544110361147,0.09655374702517396,96.93608856201172,no,yes,yes,no,yes,unknown,no,no
12383,88.51249614917442,1.6727661834154854,0.11643968945474001,0.006688617308444515,2673.20947265625,yes,yes,no,no,no,unknown,no,no
12392,92.7006631288143,-6.190385880804777,0.9173847245416221,0.08228028896414434,18.008512496948242,yes,no,no,no,no,unknown,yes,no
13426,56.106452536056985,32.104674427327524,2.713097702572666,0.055787121831568365,93.5791244506836,yes,yes,yes,no,no,unknown,yes,no
13427,56.10651423245288,32.20812285762113,4.014734524925801,0.04436978913949869,322.7984313964844,yes,yes,yes,no,no,unknown,yes,no
13429,56.146038209175124,32.258688733659376,6.950002895314762,0.3429591684934236,18.626256942749023,yes,no,yes,no,no,unknown,yes,no
13431,56.08329172258464,32.11255930379103,3.1160183627446534,0.15797347714443472,14.080574035644531,yes,yes,yes,no,no,unknown,yes,no
13432,56.14719471896322,32.16789337482275,1.6025798685943282,0.022920785148621805,422.5901184082031,yes,yes,yes,no,yes,unknown,no,no
13433,56.143446102082095,32.106913274705185,2.501419122326888,0.0981282173438891,24.971220016479492,yes,no,yes,no,no,unknown,yes,no
13434,56.20748593766337,32.05925478844488,6.588505950822663,0.3354767219942079,16.872556686401367,yes,yes,yes,no,no,unknown,yes,no
13619,284.157050982806,-37.33268853811088,0.6084870255379217,0.12773338349943072,14.89892864227295,no,no,no,no,no,unknown,yes,no
13625,118.08636552501883,-49.68108527852974,8.20907686316339,0.9566135392177967,9.441888809204102,yes,no,no,no,no,unknown,no,no
13637,83.81420497270045,-5.433203612534265,2.823775953121544,0.04475471564656025,78.83940124511719,yes,no,yes,no,no,unknown,yes,no
14436,289.18574222970085,-16.138246198646872,3.6241534045853663,0.17389822243110897,7.490111827850342,no,no,no,unknown,unknown,unknown,yes,no
14444,289.32473673351075,-16.092157988737153,7.571385698640548,0.4408610551735716,21.278547286987305,yes,no,no,no,no,unknown,yes,no
14334,83.82481732072188,-5.426142413679894,2.340001101434046,0.12608115958751656,16.01345443725586,no,no,yes,no,yes,unknown,yes,no
15546,83.89314533964023,-5.449940772747869,5.627540886352441,0.2398145166060148,23.77664566040039,yes,no,yes,unknown,unknown,unknown,yes,no
14335,83.85933967865834,-5.3551677733585015,2.918293281807044,0.09646328381052478,25.9156436920166,yes,no,yes,no,no,unknown,yes,no
14603,58.170015923623325,17.10259134160226,5.403865126886432,0.2189014427420218,51.765628814697266,yes,no,no,no,no,unknown,yes,no
15718,89.95672432269153,-48.239557353563335,0.26622570924500133,0.00831071797085334,2037.8385009765625,yes,no,no,no,no,unknown,no,no
17735,83.78996798072578,-5.472949724048934,5.335733044237428,0.07524590423327479,101.71758270263672,yes,no,yes,no,yes,unknown,yes,no
19940,169.14043571038093,-76.50423065166049,5.4710952618947895,0.20051403805682338,46.75261688232422,yes,no,no,no,no,unknown,yes,no
18927,83.8739415926579,-4.997375920735759,0.22559062712340072,0.13865891257770357,11.376157760620117,no,no,no,no,no,unknown,no,no
20882,83.91043308386178,-4.994803855889989,1.9892243275626973,0.03764221587036416,210.09417724609375,yes,no,yes,no,no,unknown,yes,no
20883,83.76914997593796,-4.974992621874784,6.651640993771235,0.5598536293281211,9.206341743469238,yes,yes,no,no,no,unknown,yes,no
19709,285.39106557499707,-36.96259866525475,3.3390571501228155,0.04731939430685726,312.09429931640625,no,yes,yes,no,no,unknown,yes,no
21854,83.86153041323357,-5.348074208162318,2.8261228430216265,0.1345202344020775,14.537013053894043,yes,no,yes,no,no,unknown,yes,no
21855,83.93961095115155,-5.344036123786797,6.820089555270234,0.5071270323026713,10.759479522705078,yes,no,no,no,no,unknown,yes,no
17251,56.626320853631256,24.085355498883935,3.7787545552035255,0.15669060567031645,10.24367618560791,yes,no,yes,no,no,unknown,no,no
17252,56.59806108895215,24.03060218984463,5.472400489927604,0.17919602451133465,37.01411819458008,yes,no,yes,no,no,unknown,no,no
22327,49.84187548105431,3.370684162813951,1.873367092403329,0.013488884963027487,1523.662109375,yes,no,yes,no,no,unknown,no,no
23377,45.46175607369502,-16.594963469672816,0.29019943931565584,0.05885969141565862,75.3614273071289,yes,no,no,no,no,unknown,no,no
24307,68.80726035795958,20.13327887945498,0.08234026580829149,0.04424082885534062,114.44874572753906,yes,no,no,no,no,unknown,no,no
24309,68.80743005433592,20.133203397517192,0.10171196045810608,0.10191325104163043,20.501455307006836,yes,no,no,no,no,unknown,no,no
24310,68.80741121489748,20.133251639854098,0.07051267699686235,0.13094271536804092,13.952150344848633,yes,no,no,no,no,unknown,no,no
26006,285.39521141492025,-37.015777424516166,6.450844204600736,0.03738375833007479,1073.7490234375,yes,yes,yes,no,no,unknown,yes,no
26974,83.83851900252141,-5.4157972775009044,1.5850688147861673,0.0405638510414022,135.7306671142578,yes,no,no,no,no,unknown,no,no
27059,83.85232485017701,-5.35113035300317,3.0700516163780747,0.15082761058909927,18.89103126525879,no,no,no,no,no,unknown,yes,no
29116,83.85675038144969,-5.505738161060549,6.987094342139304,0.06327699555605869,553.123046875,yes,yes,no,no,no,unknown,yes,no
29127,83.80220766357814,-5.38383238505384,1.4871003352567704,0.16397330511886268,12.26429271697998,no,no,yes,no,yes,unknown,yes,no
29128,83.8332980619142,-5.420580788287805,1.677632142848779,0.13513216863503347,17.386167526245117,no,no,no,no,no,unknown,no,no
65,119.57425658272743,-60.84480629879196,3.352749929015936,0.04988195017351264,146.76602172851562,yes,no,no,no,no,unknown,yes,no
6167,11.570098391766095,41.6157493371073,6.248963174515899,0.3309599439433757,27.0535831451416,yes,yes,yes,no,no,unknown,yes,yes
7453,137.8455764909109,-64.9052545296274,4.659404937963851,0.3545927705437148,9.879050254821777,yes,no,no,no,no,unknown,yes,no
7461,265.1562223472962,-53.696504755552716,1.5753133655640723,0.0875124055640981,18.6752872467041,yes,no,no,no,no,unknown,no,no
11029,322.49224202156597,12.16107573933333,0.37664612407790804,0.018757727293155047,217.3478240966797,no,no,yes,no,no,unknown,no,no
2735,6.093766113664906,-72.0733803493666,0.7768978641201602,0.21445008628148504,6.038766384124756,yes,no,no,no,no,unknown,no,no
2736,6.044029971682326,-72.09145224631821,0.6454216652343023,0.14874959719860717,8.0218505859375,no,no,no,no,no,unknown,no,no
2737,6.004103167786457,-72.08147114334206,1.278046327847518,0.015318378790868665,343.0146484375,no,no,yes,no,no,unknown,no,no
2738,6.004027909751677,-72.08146283871743,1.2533119882051347,0.012444326935906457,557.3668823242188,no,no,yes,no,no,unknown,no,no
12461,278.935670855649,-32.994011572593124,0.3934113857956741,0.011031331828891253,630.2131958007812,no,no,yes,no,no,unknown,no,no
14231,359.5099734875281,-32.74356836938804,11.268806893957887,0.9723506998743432,4.2261857986450195,no,no,no,no,no,unknown,no,no
13733,283.8266420514652,-22.75527869258222,4.539367088554601,0.26777212995422117,15.640249252319336,no,no,no,no,no,unknown,yes,no
14664,17.451000072347398,-72.67260477082696,6.9158800083874095,0.5180484854321288,9.633183479309082,yes,no,no,no,yes,unknown,no,yes
15497,17.977250962454427,-72.76586457354671,3.605065447394337,0.1854151504222949,12.08076286315918,yes,yes,yes,no,yes,unknown,no,yes
14668,13.621484572890093,-72.51859929025447,8.374344796053373,0.20761115288093338,78.63874816894531,yes,yes,yes,no,no,unknown,no,yes
15747,6.017630117399457,-72.08294945255236,0.35924266468775007,0.017272054732423988,397.6302490234375,yes,no,yes,no,no,unknown,no,no
16527,6.018029449774867,-72.08282464191505,0.24065599630257978,0.012793303496270255,644.912109375,yes,no,yes,no,no,unknown,no,no
16528,6.01762905657859,-72.08286654377639,0.38133086195455523,0.011266703908941357,646.2240600585938,yes,no,yes,no,no,unknown,no,no
15804,60.731160497492844,-67.69056106749785,19.046712435989473,0.0,4.836564540863037,no,no,no,no,no,unknown,no,no
18885,12.230301089085499,-73.82934236267621,3.804655336795127,0.016248298414511416,1595.706787109375,yes,yes,no,no,yes,unknown,no,no
18987,278.93191294022887,-32.990713664565696,0.36133206580254934,0.007506365238439191,2296.16748046875,no,no,yes,no,no,unknown,no,no
18997,324.96083813612705,-23.06421515122257,9.924221430665716,0.13346332945519335,38.612213134765625,yes,no,no,no,no,unknown,no,no
22359,287.846428153368,-53.191727062771655,10.60169769690846,1.0885097209087136,8.31972885131836,no,no,no,no,no,unknown,no,no
24280,285.03350700305936,-24.92911919402428,0.6168284066251082,0.11124571998827458,15.392475128173828,yes,no,yes,no,no,unknown,yes,no
23494,11.823086191713536,-25.303239910047548,5.564284864731671,0.11997299899761725,59.395652770996094,no,yes,yes,no,no,unknown,no,yes
27065,83.86548827205436,-69.27002070979523,11.033969420189631,0.1530287105967582,330.6910400390625,yes,yes,no,no,no,unknown,no,no
8582,164.60576062977864,-77.24944521207159,2.351198697611633,0.08294373021569001,37.617427825927734,yes,no,no,no,no,unknown,yes,no
23406,65.43545428310547,20.402838534398043,0.12239395857031768,0.04164006301281269,133.28614807128906,yes,no,yes,no,no,unknown,no,no
27072,82.66347102635672,-67.18290007067952,1.8408348839590443,0.2058514998001165,10.309547424316406,yes,yes,no,no,no,unknown,no,no
119,85.0482813982081,-69.33149459731868,1.2073046318758065,0.011583705802430459,1214.192138671875,yes,no,no,no,no,unknown,no,no
747,81.50367932743578,-66.07681156939704,0.5870274071917673,0.010596480289252403,632.9546508789062,no,no,no,no,no,unknown,no,yes
1967,83.86452509986952,-69.31309498878134,2.541986089444775,0.19131177446303727,11.199470520019531,yes,no,yes,no,no,unknown,no,yes
3829,83.86674414982997,-69.26972900952931,0.5775858391007729,0.01123003914682874,1387.7056884765625,no,no,yes,no,no,unknown,no,yes
3871,62.80178746130919,-31.403965519254186,3.042054569556212,0.18552216848668018,11.191935539245605,yes,no,no,no,no,unknown,yes,no
7270,85.04658665070478,-69.33175900403884,0.31548011167830825,0.007613332719206857,3421.769287109375,yes,no,no,no,no,unknown,no,no
5579,83.8668102254333,-69.2697705557768,0.2842092912709371,0.00835386845931289,2473.173583984375,no,no,yes,no,no,unknown,no,yes
6178,83.86678181312801,-69.26978777122271,0.2748545802531223,0.010740048089519024,1658.077880859375,no,no,yes,no,no,unknown,no,yes
6669,83.86668290347433,-69.26969993950051,0.29382299856122823,0.006664489178479795,3340.435546875,no,no,yes,no,no,unknown,no,yes
7569,95.2247087381081,-62.38769698532412,4.450916831206653,0.12139694259595657,58.700103759765625,yes,yes,yes,no,no,unknown,yes,no
7637,83.86660127560611,-69.26971492717992,0.10034442163164144,0.006456501391434203,3488.83154296875,no,no,yes,no,no,unknown,unknown,yes
9100,16.442955934293376,-72.04335941809478,3.6578410005211586,0.1502365489140764,17.585453033447266,yes,yes,yes,no,yes,unknown,no,yes
9143,83.86660974779431,-69.26968365726454,0.10385943856289732,0.009688873637238866,2387.607177734375,no,no,yes,no,no,unknown,no,yes
11236,1.4693595584630168,-41.75333975828455,17.07187099115274,0.5135489492860661,88.68898010253906,yes,no,no,no,yes,unknown,no,no
11821,15.722048788187015,-72.7431324447914,3.1804985700231954,0.014902541957448726,1545.8607177734375,yes,yes,no,no,yes,unknown,no,yes
14208,59.371376715293955,32.155379693834284,6.540471724025669,0.12510468540020148,160.57763671875,yes,yes,yes,no,no,unknown,yes,no
14800,254.91988883855538,-60.33011589095472,9.59149078179507,1.2892540807277704,5.110776901245117,yes,yes,no,no,no,unknown,yes,no
16000,24.18399913037272,15.805134789746912,3.2931965233793434,0.15122797768444574,17.863365173339844,no,yes,yes,no,yes,unknown,no,yes
20074,77.32151650355456,-68.68122150522339,3.001986167254528,0.25974150397174045,11.532700538635254,yes,no,yes,no,no,unknown,no,no
20339,83.8667406230304,-69.26967033117853,5.263181835054389,0.019209450079966255,1653.1759033203125,no,unknown,yes,no,no,unknown,no,yes
21949,83.86657927110967,-69.26964325441527,5.2484498723840485,0.01789591274939239,1771.153076171875,no,no,yes,no,no,unknown,no,no
22006,83.8666386865846,-69.26963686896424,5.223539861979885,0.0159038252542378,2129.94287109375,no,no,yes,no,no,unknown,no,no
22442,77.14468755616073,-67.51935588504972,5.34183443495648,0.4198227213544822,11.096719741821289,yes,no,yes,no,no,unknown,no,yes
23577,80.25909146125329,1.3356380536479076,1.5679089649127769,0.12482959953968366,16.6695613861084,yes,no,no,no,no,unknown,yes,no
444,15.334848389890782,-72.18830693254944,11.885181938941411,0.3196297029394986,111.36106872558594,yes,yes,no,no,no,unknown,no,no
5130,16.444098266976827,-72.04342141020099,7.215813572528106,0.9994279749358755,6.243900775909424,yes,yes,yes,no,yes,unknown,no,yes
5135,15.744399609359968,-72.0510388192874,4.759878244099779,0.37207571138459233,11.673443794250488,yes,yes,yes,no,no,unknown,no,yes
6042,16.00433265299775,-72.02782741810142,0.9936364583808136,0.02966056491216797,470.94775390625,yes,no,no,no,no,unknown,no,no
6155,69.36721614357728,-47.19151547001834,4.192925167801027,0.01495436395154664,2355.4150390625,yes,yes,yes,no,no,unknown,no,no
6156,69.31604570261356,-47.2524540103484,0.37047547443285656,0.011926407337369964,1111.651123046875,yes,yes,yes,no,no,unknown,no,no
6157,69.36742189736245,-47.19155429359966,0.7554394572408858,0.0077810346142266895,2465.374755859375,yes,yes,yes,no,no,unknown,no,no
6759,16.01960933140666,-72.03280151315403,0.8380812139095288,0.023845669900902304,477.000732421875,yes,no,no,no,no,unknown,no,no
11957,16.01863012015131,-72.03322684216697,1.2168611721862426,0.022099186361067304,347.45184326171875,yes,no,no,no,no,unknown,no,unknown
15467,16.01566408183683,-72.03485225688613,1.3266416980454518,0.02460910340346373,375.157958984375,yes,no,no,no,no,unknown,no,no
15468,16.008515473799704,-72.03147774284615,15.758856679756972,0.12000279675306189,523.201416015625,no,no,no,no,no,unknown,no,yes
15469,16.00773019224654,-72.03140757463449,15.791252153748786,0.12345496237405075,489.269287109375,no,no,no,no,no,unknown,no,yes
15470,16.008292880161985,-72.03137045045261,15.806763575107231,0.13910932563556763,421.6820068359375,no,yes,no,no,no,unknown,no,yes
15557,16.018003205878873,-72.0337729926932,3.585260497257953,0.029751650812451732,332.7301330566406,no,no,no,no,no,unknown,no,no
22810,16.008077680890946,-72.03118183905677,15.808815970257946,0.16402032032780328,335.8750305175781,no,yes,no,yes,yes,unknown,no,no
22812,16.00843079735889,-72.03124974970672,15.837403184954141,0.19876046730143146,273.2618713378906,no,yes,no,no,yes,unknown,no,yes
28432,15.906684924111719,-72.02581245540247,2.832833742165758,0.056335425752763714,179.01480102539062,yes,yes,yes,no,no,unknown,no,yes
3519,16.003569717976212,-72.03474716582512,1.022538403147484,0.03902487697679447,516.5667724609375,yes,yes,no,no,no,unknown,no,no
303,10.687757374122478,41.25641613476775,0.9683775900663829,0.14318351101768115,10.221624374389648,no,no,yes,no,yes,unknown,no,yes
787,23.4618744825266,30.66009526714015,8.89469530038697,0.036717770880389196,1365.78466796875,yes,yes,no,no,no,unknown,no,no
794,35.68881222159176,42.28551282064433,5.653513295903744,0.16094441646169727,34.91020965576172,yes,yes,yes,no,no,unknown,yes,no
2023,23.462234848338216,30.66040081179999,12.666243006199016,0.02615624694608588,2309.925537109375,yes,yes,yes,no,no,unknown,no,no
2050,10.565986834482496,41.02065588640683,2.801770752344432,0.022280090977947097,730.8980712890625,yes,yes,yes,no,no,unknown,no,yes
2052,11.43980484471663,41.6617798358698,4.353118403353332,0.020993331571948718,1653.8077392578125,no,yes,yes,no,no,unknown,no,yes
2053,11.440548644029532,41.66209895253141,7.738160210758212,0.05907911797469522,464.4356689453125,no,yes,no,no,no,unknown,no,no
2931,319.48320814829503,26.45082692025563,7.872755075830909,0.5774580147182783,9.648460388183594,yes,yes,no,no,no,unknown,no,no
3931,11.844193560809535,-25.347452975069906,4.3339629118305885,0.018283262929462064,935.4015502929688,no,yes,yes,no,no,unknown,no,yes
4744,3.87037861717862,-39.2218343340528,6.749568358882913,0.043901969035670826,787.3486938476562,no,yes,yes,no,no,unknown,no,yes
7263,84.44754877473406,-69.17216228724129,6.243030363163143,0.027788710420585724,797.7152099609375,no,no,yes,no,yes,unknown,no,yes
7264,84.44746759829398,-69.17213745764491,6.215093771186075,0.03103313059674034,711.1473388671875,no,no,yes,no,yes,unknown,no,yes
6377,23.369566934386757,30.456858248000355,13.407824295875514,0.07601382909622768,637.0327758789062,yes,yes,no,no,no,unknown,no,no
6383,23.461939423197347,30.660203180405873,8.7718871028813,0.015365949139357047,2960.107177734375,yes,yes,no,no,no,unknown,no,no
6385,23.460984581519455,30.658966304896843,9.164397734913614,0.034296982903975926,533.6614990234375,no,no,no,no,no,unknown,no,no
6386,23.462149272576617,30.660066035922256,9.524548105201909,0.05408728769264235,890.2118530273438,yes,yes,no,no,yes,unknown,no,yes
7196,23.36959522649122,30.4566134819038,8.723508309748436,0.07359377818158627,544.7056274414062,yes,yes,yes,no,no,unknown,no,yes
7197,23.46215819297388,30.660064514479043,9.527274052546806,0.05590047626177369,815.429443359375,yes,yes,no,no,yes,unknown,no,yes
7198,23.462181702429064,30.66001215822954,9.54014416085244,0.04319100449103264,1096.347900390625,yes,yes,no,no,yes,unknown,no,no
7199,23.46214947301924,30.660004447485544,9.534935922421756,0.05210712222901881,947.8491821289062,yes,yes,no,no,yes,unknown,no,no
7208,23.424717045686734,30.64681489385983,9.85008316135669,0.5572638866061246,24.905574798583984,yes,yes,yes,no,yes,unknown,yes,yes
6389,23.462454414157097,30.660204500200784,8.804410732912478,0.019766990368015196,2381.3671875,yes,yes,no,no,no,unknown,no,no
7060,324.1359669093526,-54.56038313238392,2.028334025585851,0.13462726574774855,11.196667671203613,no,no,yes,no,no,unknown,no,yes
7155,13.620509898815781,-72.51861523548347,6.259275187999373,0.12230075294056215,62.07750701904297,yes,yes,yes,no,yes,unknown,no,yes
8197,40.130394912788596,39.059295014383885,2.219524027310445,0.23178576773333695,9.866165161132812,no,no,yes,no,yes,unknown,no,yes
10563,36.37614736212359,-24.702013704445633,7.894655286897519,0.280560685893441,25.367733001708984,yes,no,no,no,no,unknown,no,no
11273,49.546264181325654,-41.07778054755838,10.97729841607418,1.1741391349576284,5.305384635925293,no,no,no,no,no,unknown,no,no
13831,11.887243495174607,-25.29696057112499,0.5714027553440935,0.021046164984874226,347.065673828125,no,yes,no,no,no,unknown,no,yes
13832,11.887392827377662,-25.29682568222317,0.337980831902633,0.022890650142466017,347.126953125,no,yes,no,no,no,unknown,no,yes
14904,345.49247353458145,15.948704408623852,1.6198634484956558,0.12980449528845478,11.853720664978027,no,no,no,no,no,unknown,no,no
17011,11.52413332984727,41.717357840727956,6.509718483020503,0.2040933871878001,13.806446075439453,yes,yes,yes,no,no,unknown,yes,yes
18638,35.646686880699896,25.137554129684123,3.550578967384281,0.023447249427234272,1131.151611328125,yes,yes,no,no,no,unknown,no,no
24458,237.51955088395584,-78.21951430207295,2.12805321159265,0.13512920833319006,26.795085906982422,yes,no,yes,no,no,unknown,yes,no
25221,318.52930842360524,2.20590223892707,17.025169636321227,1.6015828034455903,5.351128101348877,no,no,no,no,no,unknown,no,no
376,322.3006959295631,-15.644776562260894,0.333392163539813,0.0055104546084407445,1011.3452758789062,yes,yes,no,no,yes,unknown,yes,no
846,80.74157868757885,-36.45859454581742,0.3062511114359064,0.008940813346498789,1446.4217529296875,yes,yes,no,no,no,unknown,yes,no
883,88.04733095759468,-7.456212381910965,0.5844215154837976,0.005221824127685354,3977.83837890625,yes,yes,no,no,no,unknown,yes,yes
1627,329.27493564380626,-69.68992458288223,0.587915434594458,0.023432970484422767,465.7333679199219,yes,yes,yes,yes,no,unknown,no,yes
2131,61.951808304948415,-12.193524813514525,0.297185352331151,0.007384689024214424,2218.133056640625,yes,yes,no,no,no,unknown,yes,no
2193,301.96376494763126,-11.142837912091696,0.5744489495279826,0.009262525148283398,1361.4879150390625,yes,yes,no,no,no,unknown,no,yes
2967,347.67399827304104,-43.79284179922243,0.5677977164980739,0.006866679390041833,2328.536865234375,yes,yes,no,no,no,unknown,no,no
3012,76.84296914566123,-37.43970238142919,6.456294304930533,0.2760432611783482,26.63097381591797,yes,no,no,no,no,unknown,yes,no
3051,333.00662154894707,8.321180324688667,0.5495175518558584,0.010607893456908076,1347.6124267578125,yes,no,no,no,no,unknown,yes,no
3090,79.95717377028942,-45.778846110031836,3.9335289920028185,0.011044794228252924,2281.38037109375,yes,yes,yes,no,no,unknown,yes,yes
4369,79.95719307713102,-45.778824286323925,3.924278232367886,0.010950196284017843,2406.14892578125,yes,yes,yes,no,no,unknown,yes,yes
3097,24.422118236467814,33.159669602362634,0.5735045181348261,0.009153108434459082,1812.88232421875,yes,no,no,no,yes,unknown,yes,no
4062,76.68676789302609,-31.886595538735484,6.244796397481979,0.1114348861393424,114.190185546875,yes,no,no,no,no,unknown,yes,no
4157,47.10926572715058,4.110941755427635,0.5356087397921019,0.007526044627423844,2535.083251953125,yes,yes,yes,no,no,unknown,no,yes
5638,43.67765825442777,39.52632323264866,0.26718372205475666,0.017780207541550748,598.6307983398438,yes,no,no,no,no,unknown,no,no
5640,356.9089850576948,8.87957343479789,0.5160172186785501,0.010373266044207104,1535.2794189453125,yes,no,no,no,no,unknown,no,no
6870,53.40150721518973,-36.14035317028144,0.3469914412942396,0.01627302677709853,615.14453125,yes,yes,yes,yes,no,unknown,yes,yes
9283,330.81236178722526,31.76068743952906,0.10745913254471044,0.012404840035889405,1464.6280517578125,yes,yes,no,no,no,unknown,no,no
9284,329.5262531375177,-15.019297571332084,0.10573548545696676,0.012540328721245438,1133.43408203125,yes,yes,yes,no,no,unknown,yes,no
9328,357.01093457988355,-16.520025648106277,0.08944226603653005,0.011259988221273531,1313.2469482421875,yes,yes,no,no,no,unknown,yes,no
10290,259.2482475072071,-62.82058902175245,0.08147268408004973,0.014703730850772631,870.0797729492188,no,yes,yes,no,no,unknown,yes,yes
10291,259.2481908310624,-62.82055570308955,0.07254145652272567,0.017132215852416602,754.1861572265625,no,yes,yes,no,no,unknown,yes,yes
11431,91.9988002432145,-8.580561191026169,0.09138675380110597,0.01123640596686164,1485.9927978515625,yes,yes,yes,no,no,unknown,yes,no
11683,45.01796255245138,-10.824623868905165,3.4952187324727526,0.021096115799643888,933.34423828125,yes,no,yes,no,no,unknown,yes,yes
12809,12.19644092820861,31.957018281678216,0.09861647093331095,0.01035765545035666,1716.0870361328125,no,yes,no,no,no,unknown,no,yes
12831,340.1259025948057,3.3584794771516338,0.16720077874134492,0.015583351254390403,1157.6695556640625,yes,yes,yes,no,no,unknown,no,yes
12868,31.566585260564118,-0.2914981577632147,0.0839346708421501,0.005256797010893128,4129.8134765625,yes,yes,yes,no,no,unknown,no,yes
13373,329.559571636735,-15.099850739450517,5.398405645855683,0.495053512732509,11.623434066772461,yes,no,no,no,no,unknown,yes,no
13900,18.458601815748302,-14.845691677944005,0.2825332142186961,0.0062653102383031,3623.405517578125,yes,no,no,no,no,unknown,no,no
14219,58.44580917910741,-10.421885819117216,0.3049441417717207,0.11782442984225512,12.77627944946289,yes,yes,yes,no,no,unknown,yes,no
15039,334.7168419545104,-3.5936436892203822,0.32500564161943624,0.008259718209677679,1346.391357421875,yes,yes,yes,no,yes,unknown,yes,no
18843,66.50305588599285,-57.20053650226132,0.3104366160874384,0.01047341698917351,2034.814697265625,yes,yes,yes,no,no,unknown,yes,no
3970,66.39300670505783,-8.535869228011125,4.844123892421545,0.049085556249987915,289.9889221191406,no,yes,yes,no,no,unknown,no,no
3972,349.7746447362818,-42.11345781303137,0.5056370144813499,0.013007862059677045,1080.7757568359375,yes,yes,yes,no,no,unknown,no,no
4005,63.418140343419786,11.204073043083408,0.5666276289105441,0.004301442500140307,3108.610107421875,yes,yes,no,no,no,unknown,yes,no
4898,39.46834692680401,28.80247388091265,0.4490955015433898,0.016241415552404548,766.982666015625,yes,yes,yes,no,no,unknown,yes,no
10292,259.24819953774323,-62.820595096051804,0.09321310958030476,0.014332779874431177,744.2972412109375,no,yes,yes,no,no,unknown,yes,yes
13889,305.535256650341,10.019864135990215,0.22714813626672936,0.017732143313000624,781.972900390625,yes,yes,no,no,no,unknown,no,no
13893,301.74128753224454,-34.548476282873025,0.211574300361904,0.008987782629939703,1450.4029541015625,yes,yes,no,no,no,unknown,no,yes
17089,39.468246781183474,28.802653260675918,0.3168400424668875,0.009688048224427285,1236.33544921875,yes,yes,no,no,no,unknown,no,no
17120,63.71936184258914,-7.927728258606418,0.057970858389991074,0.016101553609052396,915.416259765625,yes,yes,no,no,no,unknown,no,no
18684,37.522893659829684,-8.998099255976687,0.0957542767658863,0.006085496036093793,4117.89892578125,yes,yes,no,no,no,unknown,yes,no
18685,37.52290211063525,-8.99801427096508,0.09986520378607978,0.009408190480012743,2670.662109375,yes,yes,no,no,no,unknown,yes,no
18189,58.53937332465708,2.8253546443547912,0.38289349760307595,0.004814641463326031,4391.30810546875,yes,yes,no,no,no,unknown,no,no
18726,58.53938126228464,2.8253319865687154,0.35033212252216017,0.005168989202729286,4028.475341796875,yes,yes,no,no,no,unknown,no,no
19534,228.6751225172602,-81.39399875853907,3.978943004206326,0.01946670958092902,1487.6241455078125,yes,yes,yes,yes,no,unknown,no,no
20959,228.6751254265326,-81.39401334662853,3.902772122210779,0.020710867813697874,1338.88330078125,yes,yes,no,yes,no,unknown,no,no
19560,31.566519314471474,-0.2914098555711278,0.2264417010351246,0.007735943115238992,1992.8084716796875,yes,yes,yes,no,no,unknown,no,yes
19692,98.94388109308902,-75.2713579887442,0.10316419531839947,0.007754567703011975,2708.971435546875,yes,yes,yes,no,yes,unknown,yes,no
20864,98.94370450184394,-75.27143891279138,0.10749929584671226,0.007284571353287769,2448.6875,yes,yes,yes,no,unknown,unknown,yes,no
20866,98.94390301931712,-75.27138065355956,0.10110824706529366,0.008701710697131082,2358.98583984375,yes,yes,yes,no,yes,unknown,yes,no
20867,98.94361324457039,-75.27141771637531,0.10579504435310239,0.007436995701515766,2319.48583984375,yes,yes,yes,no,yes,unknown,yes,no
20369,31.566721486150684,-0.29144953236914173,0.10836159158234938,0.011826593787955496,1236.595947265625,yes,yes,yes,no,no,unknown,no,no
20377,318.96461410608424,-59.231795535140975,2.7490150714514225,0.023728247110699263,855.6685180664062,yes,no,no,yes,no,unknown,no,no
20442,237.5386582627013,-78.14798824192255,2.900147763368062,0.10972631705649052,22.684358596801758,yes,no,no,no,no,unknown,no,no
22082,31.566702005452644,-0.29158469554915606,0.16386207198292593,0.014674006265603692,901.9618530273438,unknown,yes,yes,no,no,unknown,no,no
21466,313.00968849874846,-57.068788258205146,0.17519130408156564,0.011657854555502467,1394.539306640625,unknown,no,yes,no,no,unknown,no,yes
9070,117.14050930248274,-67.75206418265849,0.11645668075492997,0.014408424390396817,790.4701538085938,unknown,yes,yes,no,no,unknown,no,no
10783,117.14051706733453,-67.75210872069391,0.13591244530736155,0.013123110535464748,812.7727661132812,no,yes,yes,no,no,unknown,no,no
11060,117.14044660116849,-67.75211315349544,0.16163540843306184,0.01238387974469902,853.3111572265625,no,yes,yes,no,no,unknown,no,no
15748,6.017479119279075,-72.08291271170773,0.4168621900840331,0.024459119058939428,208.3624267578125,yes,no,yes,no,no,unknown,no,no
16529,6.017461339553287,-72.08287069376833,0.35763310724449626,0.02590825366384214,197.23089599609375,no,no,yes,no,no,unknown,no,no
20966,13.77022625631132,-37.69550202481645,3.891651445377475,0.03246985374970536,527.8429565429688,yes,yes,yes,no,yes,unknown,no,yes
741,69.31584192111748,-47.25234065156829,3.9559079091165175,0.020035881550630855,724.1473999023438,yes,yes,yes,no,no,unknown,no,no
3969,100.5514205337882,-74.23611453594619,3.807956972169217,0.1093436008205969,38.933902740478516,yes,unknown,no,no,no,unknown,yes,no
23336,302.1286750590246,0.35927927146922517,0.09461900895684011,0.02059422229779457,709.8845825195312,yes,yes,no,no,no,unknown,no,no
23362,311.09242798015737,-9.959736583105743,0.028092168255770777,0.015818451492305468,872.3250122070312,yes,no,no,no,no,unknown,no,no
25377,319.09801135753315,-34.10520255890338,10.732207211719786,1.5195749151461553,3.3227243423461914,no,no,no,no,no,unknown,no,no
25986,345.76230578234447,-18.690401457748862,0.10624961901036019,0.01280887273522142,1637.56787109375,yes,yes,no,no,no,unknown,no,no
26040,305.4007388433587,-62.317059445462334,7.597551883755255,0.6653145420340836,10.548565864562988,yes,no,no,no,no,unknown,yes,no
26118,351.4759599181371,21.887138916306615,0.1512227655954235,0.012294546668873156,1623.2506103515625,yes,yes,no,no,no,unknown,no,no
26144,55.51545504568116,-21.244261803769636,0.11784951329233577,0.017803522584135766,952.674072265625,yes,yes,no,no,no,unknown,yes,no
26172,38.583729333118576,32.505763488740826,0.13466350848785916,0.010224817363569347,1362.93115234375,no,yes,no,no,no,unknown,no,no
26173,51.17156759112018,34.17945622565889,4.356125255059403,0.023921713025948088,1312.085205078125,yes,yes,no,no,no,unknown,no,no
28373,332.92388043812554,8.338960188497746,5.198754226604617,0.5482233045636657,9.327232360839844,yes,no,no,no,no,unknown,yes,no
27324,343.49055508990205,16.148067704839725,0.19449349694990353,0.006556445906197507,3646.99169921875,yes,yes,no,no,no,unknown,no,no
27943,343.4906068988126,16.148058019935963,0.15915405292413512,0.008418324473542411,2919.83251953125,yes,yes,no,no,no,unknown,no,no
27363,10.660955708581726,41.267682435261435,1.1531795832629064,0.01660919551772691,653.4910278320312,no,yes,yes,no,yes,unknown,no,yes
27421,10.660908236018678,41.26765899840864,1.030544807019439,0.01756714816420909,706.0986328125,no,yes,yes,no,yes,unknown,no,yes
27422,10.66086295264427,41.267606790465194,1.1608040696014112,0.018448728934149942,642.7966918945312,no,yes,yes,no,yes,unknown,no,yes
27423,10.661096532859613,41.26765087878641,1.0535387926670368,0.015578272526819877,774.7072143554688,no,yes,no,no,no,unknown,no,no
27473,40.560911161115065,5.509997832409632,0.056075710097356894,0.014732523722096151,1205.4307861328125,yes,yes,no,no,no,unknown,no,no
27525,302.5826164750966,-25.399679271710696,0.08820522928223802,0.02055704025750182,767.9697875976562,yes,no,no,no,no,unknown,no,no
27564,53.844051667684504,19.124941117301375,0.1534162739473975,0.01580219668644892,967.8309326171875,yes,yes,no,no,no,unknown,no,no
27821,314.28363622279346,22.471997524614274,2.9354333986519494,0.19579521274353534,13.968887329101562,yes,no,no,no,no,unknown,no,no
27970,297.30225145615435,-10.610219281987968,2.537121563310453,0.17326745041978597,15.941699981689453,yes,no,no,no,no,unknown,yes,no
30627,47.40230187711185,27.319481292734228,2.7767337707532618,0.21783566487715586,15.239946365356445,yes,no,no,no,no,unknown,no,no
30834,39.993032661873336,-1.7051368083011726,7.154925811559088,0.747275297093929,8.285727500915527,yes,yes,yes,no,no,unknown,yes,no
28929,79.0476069594198,-0.14988250690352922,5.176902600753245,0.022779559062414356,1768.357177734375,yes,yes,no,no,no,unknown,yes,no
29071,40.66968892185389,-0.013200043492983428,0.2082169172575109,0.027896828905874655,833.8115234375,no,yes,yes,no,no,unknown,yes,yes
29072,40.66972920374645,-0.013051808216143199,0.19484107611061882,0.029954067307993076,775.9578247070312,no,yes,no,no,no,unknown,no,yes
1105,47.98011921040608,-76.8642057182351,1.8958187386403733,0.009354839683880234,1907.9979248046875,yes,yes,no,no,no,unknown,no,no
1107,47.98011260533992,-76.86423109251645,0.3548314776135363,0.010257050047026851,1740.5264892578125,yes,yes,no,no,no,unknown,no,no
1108,47.980236415394565,-76.86421209603552,0.3499843442349536,0.01386698675004855,1373.2354736328125,yes,yes,no,no,no,unknown,no,no
62554,99.24317144950143,-75.45072895267641,12.835197085924465,1.177075830941906,10.556010246276855,yes,no,no,no,no,unknown,yes,no
905,330.5078865093709,-31.8696690763449,6.092562260549346,0.014895627003242175,2626.529052734375,no,yes,no,no,no,unknown,no,yes
914,85.83474551151106,-41.03190365789159,6.599340609813582,0.017458289828521056,2357.8837890625,yes,yes,no,no,yes,unknown,yes,no
1667,314.10319263711216,-4.593139070356289,5.451529563983341,0.37746135872854547,9.83523941040039,no,no,yes,no,no,unknown,no,no
3181,36.123258335990805,-0.005706095467448147,3.6035444488935817,0.17325107791914768,10.06601333618164,yes,no,yes,no,yes,unknown,yes,no
3184,104.37584523057423,-55.98378814103473,6.505049239541274,0.3216510903241149,15.787300109863281,yes,no,no,no,no,unknown,no,no
3191,302.4355207837149,-48.24571798179027,6.4008233547226565,0.42567333915451777,8.628724098205566,yes,no,no,no,no,unknown,yes,no
4180,14.11320504287511,-1.3561003231995228,7.189203384796945,0.3352844082301248,24.182003021240234,yes,yes,yes,no,no,unknown,yes,no
5353,329.1777367567749,-4.831723948798411,3.3736870658940377,0.13000035061304469,25.975339889526367,no,no,yes,no,no,unknown,no,no
5356,104.7626991793949,-55.916372024044776,4.685025833930596,0.09898863934801863,45.41997528076172,yes,no,no,no,no,unknown,no,no
5761,59.074051351116935,-37.81412761007578,4.836302757096403,0.16831259432938528,26.142122268676758,yes,no,no,yes,no,unknown,yes,no
5764,53.15893991260727,-25.067140046438734,7.208445522000946,0.23681534069194088,33.31324005126953,yes,no,no,no,no,unknown,yes,no
7182,35.993032520707786,-4.244117707051415,3.0085077042465374,0.1775869597690536,13.816582679748535,no,no,yes,no,no,unknown,yes,no
5797,2.763593421665883,-28.803602618109615,6.324947484911755,0.25989170949966095,27.096906661987305,yes,yes,no,no,no,unknown,no,no
6976,338.94254902760565,-26.050469997553513,6.686665167459704,0.023008033317657595,1810.0863037109375,yes,yes,yes,no,no,unknown,no,yes
7367,338.83979190418876,-25.988328490301093,2.722485262793266,0.2637495909605674,6.454217910766602,no,no,yes,no,no,unknown,yes,no
9761,69.82210194233967,5.251927384932261,6.289377595451149,0.14724155766148464,105.0794448852539,yes,no,yes,no,no,unknown,no,no
12025,49.95068838115169,41.511698550250095,7.84302410148455,0.028994532686231606,293.8528747558594,yes,no,yes,no,no,unknown,no,yes
12033,49.950690442134174,41.51177481385317,7.858984443958857,0.028166692481392426,308.7972717285156,yes,no,yes,no,no,unknown,no,yes
12036,49.95078043744762,41.511706855070486,7.786453406309306,0.017044851951249978,458.28009033203125,yes,no,no,no,no,unknown,no,no
11743,88.08408452824786,-57.156280580307374,7.617651725485767,0.04246436283474425,1015.4671020507812,yes,no,no,yes,no,unknown,no,no
11871,88.08459685595362,-57.156309578796325,3.933654091534127,0.018932819964318094,1560.4268798828125,yes,no,yes,no,yes,unknown,no,no
11714,49.9507529131531,41.511664163257315,3.5056656854988333,0.00917666386352373,437.5609436035156,yes,no,yes,no,no,unknown,no,no
12248,344.1519133218469,5.421351049319482,8.075992803757774,0.041137777710517465,1042.06494140625,yes,yes,no,no,no,unknown,yes,no
12264,90.00442552429595,-52.71505396194505,4.7002281375231645,0.297305841643167,13.424652099609375,no,no,no,no,no,unknown,no,no
12273,87.16232304288518,-25.569297436409812,5.575121069036029,0.46088308705784564,9.637309074401855,no,no,no,no,no,unknown,no,no
13218,329.0199993080784,37.93362679789475,4.124790668032764,0.1538415593268087,19.286935806274414,yes,no,yes,no,no,unknown,yes,no
13445,15.524493150635413,-22.12827158305121,3.7991043754194163,0.14717384543911485,23.95635986328125,no,no,yes,no,no,unknown,no,no
13454,15.935701823730643,-21.812737739402596,7.382749553196464,0.32233906529272877,16.31013298034668,no,no,no,no,no,unknown,no,no
13506,358.05111173809394,-46.728658838674995,12.640257944800698,0.6636688774735479,17.962718963623047,no,no,no,no,no,unknown,yes,no
13989,49.210175507361136,42.37840675237255,5.087376758023101,0.3804730069062565,10.2418212890625,yes,no,no,no,no,unknown,yes,no
13990,49.399291220764596,42.278183029924925,5.427589897599846,0.114322205596352,56.58232498168945,yes,no,yes,no,no,unknown,yes,no
13991,49.32291929688114,42.215217802574514,7.267550930409452,0.28925800516336586,30.519378662109375,yes,no,yes,no,no,unknown,yes,no
15547,339.91922359131684,-5.695267429586023,4.69481467443665,0.2501434118473482,15.278886795043945,no,no,no,no,no,unknown,yes,no
14347,16.037071843060556,-22.26642728058012,7.098233119619602,0.08020277241253917,275.7563781738281,yes,no,yes,no,no,unknown,yes,no
15093,11.047404184340671,-20.542658095502894,0.7790983912321593,0.11973971364173741,11.655259132385254,no,no,no,no,no,unknown,yes,no
15113,45.26769429629731,-77.88089801038846,6.619279669811791,0.5113110614917861,7.691292762756348,no,no,no,no,no,unknown,no,no
17188,34.97043611556908,-30.026687553379684,0.2815176356630027,0.02884787916852409,333.564453125,yes,no,no,no,no,unknown,no,no
18636,359.5789235433966,0.8275479759430955,8.71631271593792,0.6093292006300698,22.036890029907227,yes,no,no,no,yes,unknown,yes,no
19913,49.950499022369634,41.51161860260803,0.17635381948953113,0.011189624122113417,439.9915771484375,yes,no,yes,no,no,unknown,no,yes
19915,49.95077628981171,41.511683984971235,0.20336191462218767,0.012159240729211871,348.2689208984375,yes,no,yes,no,no,unknown,no,no
20635,356.264595707039,-42.6449269860982,3.1447852252936253,0.06409228356553302,59.1251220703125,no,no,no,no,no,unknown,no,no
20546,14.083603895975026,-9.608437937654436,1.222795713889736,0.02191034495252826,844.8886108398438,yes,yes,no,no,no,unknown,no,no
20633,331.58897053020013,9.116205563338932,3.5370444058090893,0.11443063903284283,23.550296783447266,yes,no,no,no,no,unknown,yes,no
20789,47.60243802879678,39.1827631134242,1.9258073997612202,0.013706856116730252,1373.0521240234375,yes,no,yes,no,no,unknown,no,no
20851,50.92808649906291,24.346015515644968,4.598174627429032,0.2943794757321403,9.09829330444336,yes,no,no,no,no,unknown,no,no
23103,50.4752830242058,41.24685013135105,3.501585651529159,0.23329936072769422,10.786760330200195,no,no,no,no,no,unknown,no,no
24329,305.5841185460051,-55.566646641479835,6.971456813199622,0.5633085177036254,4.631045341491699,yes,no,no,no,no,unknown,no,no
25488,30.116674809691382,31.60877258530154,10.972310134301692,1.4280395277891993,6.712177276611328,no,no,no,no,no,unknown,no,no
27598,61.45731720048171,30.359994733208364,9.17415012413528,1.5401784765147082,5.515418529510498,yes,no,no,no,no,unknown,no,no
26954,333.602243347979,-54.94516882208277,3.8507755858677934,0.2731145791299561,7.297936916351318,yes,no,no,no,no,unknown,yes,no
27434,15.405699791264842,-53.52113452816584,3.1945641155147433,0.3262498870095916,7.8584208488464355,yes,no,no,no,no,unknown,yes,no
27462,5.046463069549096,1.5515004695763144,9.787072261070502,0.4874724658849442,33.023948669433594,yes,yes,no,no,yes,unknown,yes,no
29633,49.95052243338075,41.511760356951356,5.119758478644723,0.02725711730360463,254.78521728515625,yes,no,yes,no,no,unknown,no,yes
29635,49.950565241114035,41.51169690319371,4.667636303932946,0.021844445070501792,426.547607421875,yes,no,yes,no,no,unknown,no,yes
13409,16.009075423465166,-72.03140603422013,13.332509941954116,0.1005930971373056,574.9042358398438,no,no,no,no,no,unknown,no,no
13410,16.00838292501752,-72.03160162473553,13.351356158994555,0.09226870863134033,640.1956176757812,yes,yes,no,no,no,unknown,no,yes
13411,15.908207985013803,-72.02483256110031,15.066380563622769,0.4150695698611819,48.06035232543945,no,no,no,no,yes,unknown,no,no
27865,49.95071431295131,41.51100725464066,4.383125328154022,0.024494272728468484,295.2140808105469,yes,no,no,no,no,unknown,no,no
27866,49.95083331584713,41.51103481621902,3.8484393989090506,0.027970528341615265,211.11952209472656,yes,no,no,no,no,unknown,no,no
28474,49.951009481694676,41.51199904824325,3.8201551953413877,0.02665344556159393,217.25857543945312,yes,no,no,no,no,unknown,no,yes
28475,49.95082057852014,41.5113254332985,4.404534040178346,0.023595525382269233,320.11651611328125,yes,no,no,no,no,unknown,no,no
2248,14.560857020854943,-27.83423690203577,5.20772245441697,0.49336041152075166,8.780016899108887,yes,no,no,no,no,unknown,yes,no
2300,160.62684150334675,-70.69904195883389,10.050769998855204,0.9198340469126565,12.345897674560547,yes,no,no,yes,no,unknown,yes,no
5885,318.12639520334113,-63.4990031574932,3.669990578400112,0.26111454686478813,8.194194793701172,no,no,no,no,no,unknown,no,no
14031,79.8941765295419,-69.03485595829663,12.932464689401863,0.0,399.6307678222656,yes,no,no,no,no,unknown,no,no
16177,53.17542508728516,-27.950486115104113,8.972780679466618,0.34861497190584384,34.12151336669922,yes,unknown,yes,no,yes,unknown,yes,no
16453,53.076732001795406,-27.873617556863884,4.282389103481599,0.13653798415859983,46.4254150390625,no,no,no,no,no,unknown,no,no
16454,53.161606538821474,-27.859479451542928,3.73572657624236,0.08733955248514905,47.02117919921875,no,no,no,no,no,unknown,no,no
17677,53.20668854678806,-27.9151484407264,7.874300010351821,0.4747040002421338,24.712125778198242,yes,yes,yes,no,yes,unknown,yes,no
16192,85.04577658510796,-69.3317498710503,16.087099118333654,0.03543710561554593,1981.4908447265625,yes,yes,yes,no,no,unknown,no,no
16193,85.04414541360073,-69.332127910047,16.09856521774146,0.04025448797323898,1756.0706787109375,unknown,no,no,no,no,unknown,no,no
16196,85.04511695063283,-69.33174347592292,16.12660759014269,0.038639090901119263,1800.9979248046875,yes,no,no,no,no,unknown,no,yes
16198,85.0452089216873,-69.33160351882607,16.12996872262384,0.04980434626533079,1301.5152587890625,yes,no,no,no,no,unknown,no,no
16199,84.44734667707111,-69.17220545908519,6.263099298884832,0.03556205502612176,724.34521484375,no,no,yes,no,yes,unknown,no,yes
16201,83.86654425532191,-69.26952108661963,20.142607525948737,0.11049859398857254,487.62347412109375,no,yes,no,no,no,unknown,no,no
16202,84.89837379588516,-69.07731825345402,4.776768368123648,0.2194954451586384,13.469398498535156,yes,no,yes,no,no,unknown,no,no
16203,84.44718060392053,-69.17208209196946,6.719385324303574,0.03160530469914845,773.3484497070312,no,no,yes,no,yes,unknown,no,yes
16442,84.447150917642,-69.17203764909439,6.654031732701292,0.028654277193404618,897.4837646484375,no,no,no,no,no,unknown,no,no
16443,84.44720899389853,-69.17203747820109,6.580139658822987,0.03422319942894742,727.4447021484375,no,no,no,no,no,unknown,no,no
16444,84.4476856425183,-69.17213796762263,6.39940556179679,0.029651837061621715,762.8864135742188,no,unknown,yes,no,yes,unknown,no,yes
16446,84.89806092138431,-69.07737462501545,5.113154972276476,0.20368248497965352,11.089678764343262,yes,no,yes,no,no,unknown,no,no
16615,84.44724585676856,-69.1721149873215,6.379228158585011,0.030293508747641407,796.8837280273438,no,no,yes,no,yes,unknown,no,yes
16616,85.04504817433995,-69.33175368718972,16.103888707349913,0.05944648704364926,1289.9932861328125,yes,no,no,no,no,unknown,no,yes
16617,85.0455327191896,-69.33160960385533,16.151794301849346,0.040988371732757774,1693.593994140625,yes,no,no,no,no,unknown,no,no
16640,83.86668426645419,-69.2694604572547,20.17894288747564,0.10830229120567339,497.328857421875,no,yes,no,no,no,unknown,no,no
17312,84.44728509467433,-69.1721420637382,6.71423710373859,0.031219998657044973,844.9435424804688,no,no,yes,no,yes,unknown,no,yes
17413,84.44744188176108,-69.17219931246576,6.724125565675014,0.039674747865734966,634.4354858398438,no,no,yes,no,yes,unknown,no,yes
17545,84.44728004229015,-69.17215158252247,6.616213124606306,0.03345385477134027,767.2045288085938,no,no,yes,no,yes,unknown,no,yes
17555,84.44758389830403,-69.17206407704033,6.510559555340588,0.02705853355086339,901.5494995117188,no,no,yes,no,yes,unknown,no,yes
17562,84.64467418226113,-68.88523569698472,13.175227114810948,0.13029049433318193,335.3997497558594,yes,no,yes,no,no,unknown,no,yes
17602,84.44798092881422,-69.17218536398512,6.293637957899436,0.02851960455311245,916.3607788085938,no,no,no,no,yes,unknown,no,no
17641,84.44757648299522,-69.17236839717928,6.2101145675978096,0.04118109380327638,602.3534545898438,no,no,no,no,no,unknown,no,no
17642,85.0454610942256,-69.3316699760071,16.147472461843098,0.05358222539464149,1174.7110595703125,yes,no,no,no,no,unknown,no,no
17660,85.0456208283366,-69.33170162255047,16.115863205823935,0.05055386237990027,1371.979248046875,yes,yes,no,no,no,unknown,unknown,no
18670,84.44766599427936,-69.17203225211348,6.267191505914489,0.05687917763213403,455.5069580078125,no,no,no,no,yes,unknown,no,yes
18671,84.64435962761662,-68.88502163496275,13.20873526472378,0.06384585648371566,936.282470703125,yes,yes,yes,no,yes,unknown,no,yes
18672,84.44707085984962,-69.172083577982,6.770105394925609,0.05341193897922925,577.1439819335938,no,no,yes,no,no,unknown,no,no
18706,84.44719747496289,-69.1720998301925,6.754273656441534,0.05928536804593542,407.98297119140625,no,no,yes,no,yes,unknown,no,yes
18721,84.4472778516415,-69.17191280163533,6.4210702377865205,0.037117251886468014,611.2301635742188,no,yes,no,no,no,unknown,no,no
18749,84.44768751097772,-69.17207808824952,6.252558018029582,0.04212679805936926,537.8230590820312,no,no,yes,no,yes,unknown,unknown,yes
17305,34.48306417440848,-5.091140158181512,0.8874359707382861,0.14685025581187383,11.255057334899902,yes,no,no,no,no,unknown,yes,no
